deviceId,sequence,timestampMs,temperature,humidity,voltage
intel-lab-mote1,1,1077929956027,19.9884,37.0933,2.69964
intel-lab-mote1,2,1077930196333,19.3024,38.4629,2.68742
intel-lab-mote1,3,1077930376013,19.1652,38.8039,2.68742
intel-lab-mote1,4,1077930406778,19.175,38.8379,2.69964
intel-lab-mote1,5,1077930525992,19.1456,38.9401,2.68742
intel-lab-mote1,6,1077930562323,19.1652,38.872,2.68742
intel-lab-mote1,7,1077930586109,19.1652,38.8039,2.68742
intel-lab-mote1,8,1077930616678,19.1456,38.8379,2.69964
intel-lab-mote1,9,1077930646250,19.1456,38.872,2.68742
intel-lab-mote1,10,1077930706941,19.1456,38.9401,2.69964
intel-lab-mote1,11,1077930766251,19.1358,38.9061,2.68742
intel-lab-mote1,12,1077930856631,19.1162,38.8039,2.69964
intel-lab-mote1,13,1077930886569,19.1162,38.872,2.69964
intel-lab-mote1,14,1077930916649,19.1064,39.0082,2.69964
intel-lab-mote1,15,1077930976343,19.1064,38.872,2.69964
intel-lab-mote1,16,1077931006508,19.0966,38.8039,2.69964
intel-lab-mote1,17,1077931066427,19.0966,38.7357,2.69964
intel-lab-mote1,18,1077931096468,19.0868,38.8039,2.69964
intel-lab-mote1,19,1077931216107,19.0672,38.9061,2.68742
intel-lab-mote1,20,1077931246033,19.0672,38.872,2.69964
intel-lab-mote1,21,1077931276648,19.0672,38.9061,2.69964
intel-lab-mote1,22,1077931336026,19.0868,39.0082,2.69964
intel-lab-mote1,23,1077931396899,19.0182,38.7357,2.68742
intel-lab-mote1,24,1077931426545,19.0182,38.7357,2.69964
intel-lab-mote1,25,1077931456176,19.0084,38.8039,2.69964
intel-lab-mote1,26,1077931576656,19.0084,38.9401,2.68742
intel-lab-mote1,27,1077931606463,19.0084,38.9401,2.69964
intel-lab-mote1,28,1077931726483,18.9986,38.9742,2.68742
intel-lab-mote1,29,1077931786102,19.0084,38.9742,2.69964
intel-lab-mote1,30,1077931846454,18.9888,39.0422,2.68742
intel-lab-mote1,31,1077931936561,18.9692,38.9401,2.69964
intel-lab-mote1,32,1077931966312,18.979,39.0763,2.69964
intel-lab-mote1,33,1077932026446,18.979,38.9742,2.68742
intel-lab-mote1,34,1077932086258,18.9692,38.9401,2.68742
intel-lab-mote1,35,1077932116394,18.9888,38.8039,2.69964
intel-lab-mote1,36,1077932176806,18.979,38.872,2.68742
intel-lab-mote1,37,1077932206872,18.9888,38.9061,2.69964
intel-lab-mote1,38,1077932236691,18.9692,38.8039,2.69964
intel-lab-mote1,39,1077932386158,18.9594,38.8039,2.68742
intel-lab-mote1,40,1077932536849,18.9594,38.8379,2.68742
intel-lab-mote1,41,1077932566087,18.9692,38.8039,2.69964
intel-lab-mote1,42,1077932656118,18.9398,38.7698,2.68742
intel-lab-mote1,43,1077932746665,18.93,38.8039,2.69964
intel-lab-mote1,44,1077932806411,18.9202,38.872,2.68742
intel-lab-mote1,45,1077932926481,18.9104,39.0082,2.69964
intel-lab-mote1,46,1077932986499,18.9006,38.9061,2.69964
intel-lab-mote1,47,1077933016243,18.9006,39.0082,2.69964
intel-lab-mote1,48,1077933046640,18.9104,39.0082,2.68742
intel-lab-mote1,49,1077933076492,18.9006,39.0082,2.69964
intel-lab-mote1,50,1077933136658,18.8908,39.0763,2.68742
intel-lab-mote1,51,1077933286362,18.9006,39.0082,2.69964
intel-lab-mote1,52,1077933376384,18.9104,39.0082,2.69964
intel-lab-mote1,53,1077933436176,18.8908,38.9401,2.68742
intel-lab-mote1,54,1077933706132,18.8712,38.9742,2.69964
intel-lab-mote1,55,1077934216280,18.8222,39.0082,2.68742
intel-lab-mote1,56,1077934276721,18.8124,39.0082,2.69964
intel-lab-mote1,57,1077934366278,18.8124,39.0082,2.68742
intel-lab-mote1,58,1077934396505,18.8026,39.0082,2.68742
intel-lab-mote1,59,1077934486685,18.7928,38.9401,2.68742
intel-lab-mote1,60,1077934606546,18.7928,38.9401,2.68742
intel-lab-mote1,61,1077934726231,18.7732,39.0082,2.68742
intel-lab-mote1,62,1077934756175,18.7732,39.0082,2.68742
intel-lab-mote1,63,1077934786991,18.7928,38.872,2.69964
intel-lab-mote1,64,1077934846870,18.7732,38.9061,2.69964
intel-lab-mote1,65,1077934876554,18.7536,38.8379,2.68742
intel-lab-mote1,66,1077934906303,18.7732,38.8039,2.69964
intel-lab-mote1,67,1077934996603,18.7634,38.872,2.68742
intel-lab-mote1,68,1077935026449,18.7536,38.8039,2.69964
intel-lab-mote1,69,1077935086059,18.7242,38.8039,2.68742
intel-lab-mote1,70,1077935146515,18.734,38.8379,2.69964
intel-lab-mote1,71,1077935177231,18.7242,38.9401,2.69964
intel-lab-mote1,72,1077935416107,18.734,38.872,2.69964
intel-lab-mote1,73,1077935476348,18.7242,38.9401,2.68742
intel-lab-mote1,74,1077935506107,18.7144,38.9401,2.68742
intel-lab-mote1,75,1077935686698,18.6948,38.9401,2.68742
intel-lab-mote1,76,1077935746720,18.6948,38.9401,2.68742
intel-lab-mote1,77,1077935776849,18.685,38.872,2.69964
intel-lab-mote1,78,1077935866514,18.6654,38.872,2.68742
intel-lab-mote1,79,1077936016927,18.6556,38.872,2.68742
intel-lab-mote1,80,1077936046121,18.6458,38.872,2.68742
intel-lab-mote1,81,1077936076692,18.636,38.872,2.69964
intel-lab-mote1,82,1077936166365,18.636,38.8379,2.68742
intel-lab-mote1,83,1077936226923,18.636,38.872,2.68742
intel-lab-mote1,84,1077936406166,18.636,38.8039,2.68742
intel-lab-mote1,85,1077936466132,18.6164,38.872,2.69964
intel-lab-mote1,86,1077936616186,18.6066,38.9061,2.68742
intel-lab-mote1,87,1077937337064,18.5478,38.9401,2.67532
intel-lab-mote1,88,1077937546581,18.5184,38.9401,2.68742
intel-lab-mote1,89,1077937666193,18.5086,39.0082,2.68742
intel-lab-mote1,90,1077937696336,18.4988,39.0763,2.68742
intel-lab-mote1,91,1077937727118,18.4988,39.0082,2.69964
intel-lab-mote1,92,1077937817006,18.4988,39.0422,2.68742
intel-lab-mote1,93,1077937846497,18.5086,39.0422,2.68742
intel-lab-mote1,94,1077938116947,18.5086,38.9742,2.68742
intel-lab-mote1,95,1077938357102,18.4694,38.9742,2.68742
intel-lab-mote1,96,1077938446586,18.4596,38.9742,2.68742
intel-lab-mote1,97,1077938626447,18.44,38.9401,2.68742
intel-lab-mote1,98,1077938656877,18.4204,38.9401,2.68742
intel-lab-mote1,99,1077938716353,18.4204,38.9401,2.68742
intel-lab-mote1,100,1077938776320,18.4106,39.0082,2.68742
intel-lab-mote1,101,1077938927036,18.4008,39.1443,2.68742
intel-lab-mote1,102,1077938987077,18.4008,39.0763,2.67532
intel-lab-mote1,103,1077939016265,18.4008,39.1443,2.69964
intel-lab-mote1,104,1077939136659,18.4106,39.0763,2.68742
intel-lab-mote1,105,1077939226915,18.4204,39.0422,2.68742
intel-lab-mote1,106,1077939286131,18.4106,39.0763,2.68742
intel-lab-mote1,107,1077939376504,18.4008,39.0763,2.69964
intel-lab-mote1,108,1077939407220,18.4008,39.0082,2.68742
intel-lab-mote1,109,1077939466336,18.4008,39.0082,2.68742
intel-lab-mote1,110,1077939647111,18.3812,39.0763,2.69964
intel-lab-mote1,111,1077939676942,18.3714,39.0082,2.68742
intel-lab-mote1,112,1077939707056,18.3812,39.0082,2.68742
intel-lab-mote1,113,1077939736338,18.3616,39.0082,2.69964
intel-lab-mote1,114,1077939946527,18.342,39.0082,2.68742
intel-lab-mote1,115,1077939976159,18.3322,39.0082,2.68742
intel-lab-mote1,116,1077940096620,18.3322,39.0082,2.67532
intel-lab-mote1,117,1077940127027,18.3322,39.0082,2.68742
intel-lab-mote1,118,1077940157144,18.342,39.0763,2.68742
intel-lab-mote1,119,1077940216962,18.3126,39.1443,2.68742
intel-lab-mote1,120,1077940276663,18.3224,39.0763,2.68742
intel-lab-mote1,121,1077940366918,18.3028,39.0763,2.68742
intel-lab-mote1,122,1077940396177,18.3028,39.1103,2.68742
intel-lab-mote1,123,1077940426584,18.293,39.1443,2.68742
intel-lab-mote1,124,1077940486518,18.3028,39.0763,2.68742
intel-lab-mote1,125,1077940606430,18.293,39.0763,2.67532
intel-lab-mote1,126,1077940636842,18.2832,39.0082,2.68742
intel-lab-mote1,127,1077940727007,18.2636,39.0763,2.68742
intel-lab-mote1,128,1077940816541,18.2734,39.0422,2.68742
intel-lab-mote1,129,1077940876384,18.2636,39.0763,2.69964
intel-lab-mote1,130,1077940998685,18.2636,39.0082,2.68742
intel-lab-mote1,131,1077941147033,18.244,38.9742,2.68742
intel-lab-mote1,132,1077941296775,18.2048,39.1443,2.68742
intel-lab-mote1,133,1077941326835,18.2048,39.1443,2.67532
intel-lab-mote1,134,1077941356243,18.1852,39.1443,2.68742
intel-lab-mote1,135,1077941446322,18.2048,39.0763,2.68742
intel-lab-mote1,136,1077941476776,18.2048,39.1443,2.68742
intel-lab-mote1,137,1077941507203,18.2048,39.1443,2.67532
intel-lab-mote1,138,1077941657118,18.1852,39.0422,2.68742
intel-lab-mote1,139,1077941746647,18.1558,39.1443,2.68742
intel-lab-mote1,140,1077941777073,18.1656,39.1443,2.68742
intel-lab-mote1,141,1077941927019,18.1558,39.0763,2.68742
intel-lab-mote1,142,1077941986511,18.1558,39.0763,2.68742
intel-lab-mote1,143,1077942106307,18.1362,39.0082,2.68742
intel-lab-mote1,144,1077942226854,18.1264,39.0422,2.67532
intel-lab-mote1,145,1077942317167,18.1068,39.0763,2.68742
intel-lab-mote1,146,1077942376276,18.097,39.0422,2.68742
intel-lab-mote1,147,1077942407042,18.0872,39.0082,2.68742
intel-lab-mote1,148,1077942436717,18.0872,39.0763,2.67532
intel-lab-mote1,149,1077942467185,18.0872,39.0422,2.69964
intel-lab-mote1,150,1077942586692,18.0872,39.0763,2.67532
intel-lab-mote1,151,1077942616282,18.0774,39.0422,2.68742
intel-lab-mote1,152,1077942706793,18.0676,39.1103,2.68742
intel-lab-mote1,153,1077942916476,18.0676,39.1103,2.67532
intel-lab-mote1,154,1077942946562,18.0676,39.0763,2.67532
intel-lab-mote1,155,1077943006962,18.0676,39.0082,2.68742
intel-lab-mote1,156,1077943216838,18.0284,39.0422,2.68742
intel-lab-mote1,157,1077943247105,18.0382,39.0763,2.68742
intel-lab-mote1,158,1077943456859,18.0284,39.0082,2.67532
intel-lab-mote1,159,1077943516420,18.0284,39.0082,2.68742
intel-lab-mote1,160,1077943547139,18.0186,39.0082,2.68742
intel-lab-mote1,161,1077943576314,18.0088,39.0082,2.68742
intel-lab-mote1,162,1077943606549,18.0088,39.0082,2.68742
intel-lab-mote1,163,1077943696528,17.9794,39.1103,2.67532
intel-lab-mote1,164,1077943726700,17.9598,39.1443,2.67532
intel-lab-mote1,165,1077943846587,17.9696,39.1103,2.68742
intel-lab-mote1,166,1077943876536,17.9598,39.1443,2.68742
intel-lab-mote1,167,1077944086657,17.9304,39.2123,2.67532
intel-lab-mote1,168,1077944117164,17.9304,39.2123,2.68742
intel-lab-mote1,169,1077944177120,17.9402,39.1103,2.67532
intel-lab-mote1,170,1077944236358,17.95,39.0763,2.67532
intel-lab-mote1,171,1077944386529,17.9402,39.0082,2.67532
intel-lab-mote1,172,1077944596388,17.9108,39.0422,2.67532
intel-lab-mote1,173,1077944716623,17.8814,39.0422,2.67532
intel-lab-mote1,174,1077944777027,17.8814,39.0763,2.67532
intel-lab-mote1,175,1077944837167,17.8716,39.1103,2.67532
intel-lab-mote1,176,1077944926970,17.8912,39.1103,2.67532
intel-lab-mote1,177,1077945016805,17.8814,39.1443,2.67532
intel-lab-mote1,178,1077945046511,17.8716,39.1103,2.68742
intel-lab-mote1,179,1077945077021,17.8814,39.0763,2.68742
intel-lab-mote1,180,1077945107005,17.8912,39.0763,2.68742
intel-lab-mote1,181,1077945136945,17.8814,39.0422,2.67532
intel-lab-mote1,182,1077945287190,17.8716,39.0763,2.67532
intel-lab-mote1,183,1077945347188,17.8716,39.0763,2.67532
intel-lab-mote1,184,1077945377300,17.852,39.0763,2.68742
intel-lab-mote1,185,1077945436424,17.852,39.1103,2.68742
intel-lab-mote1,186,1077945466812,17.852,39.1103,2.68742
intel-lab-mote1,187,1077945826520,17.8422,39.0763,2.67532
intel-lab-mote1,188,1077945856855,17.8324,39.0422,2.67532
intel-lab-mote1,189,1077945947257,17.8128,39.0422,2.67532
intel-lab-mote1,190,1077946007319,17.8226,39.0422,2.68742
intel-lab-mote1,191,1077946157187,17.8128,39.1103,2.67532
intel-lab-mote1,192,1077946187515,17.7932,39.1443,2.67532
intel-lab-mote1,193,1077946306788,17.7932,39.1443,2.68742
intel-lab-mote1,194,1077946336483,17.7932,39.1443,2.67532
intel-lab-mote1,195,1077946366884,17.7932,39.1443,2.67532
intel-lab-mote1,196,1077946396692,17.803,39.1443,2.67532
intel-lab-mote1,197,1077946457144,17.8128,39.1103,2.68742
intel-lab-mote1,198,1077946607408,17.7834,39.1783,2.67532
intel-lab-mote1,199,1077946697018,17.7736,39.1103,2.68742
intel-lab-mote1,200,1077946756758,17.7736,39.1103,2.67532
intel-lab-mote1,201,1077946817035,17.7736,39.1783,2.68742
intel-lab-mote1,202,1077946847232,17.754,39.1103,2.67532
intel-lab-mote1,203,1077946876821,17.754,39.1443,2.67532
intel-lab-mote1,204,1077946966557,17.754,39.1103,2.67532
intel-lab-mote1,205,1077947056345,17.7246,39.1103,2.67532
intel-lab-mote1,206,1077947087258,17.7344,39.1443,2.68742
intel-lab-mote1,207,1077947177459,17.7148,39.1443,2.66332
intel-lab-mote1,208,1077947387097,17.7148,39.1443,2.67532
intel-lab-mote1,209,1077947476588,17.7148,39.1443,2.68742
intel-lab-mote1,210,1077947687287,17.7148,39.2123,2.67532
intel-lab-mote1,211,1077947717113,17.6952,39.2463,2.67532
intel-lab-mote1,212,1077947746759,17.6952,39.2123,2.67532
intel-lab-mote1,213,1077947776598,17.6854,39.2123,2.67532
intel-lab-mote1,214,1077947867117,17.705,39.1783,2.67532
intel-lab-mote1,215,1077947927160,17.6952,39.1783,2.68742
intel-lab-mote1,216,1077947986963,17.6952,39.1783,2.67532
intel-lab-mote1,217,1077948076399,17.6952,39.1443,2.67532
intel-lab-mote1,218,1077948197064,17.6952,39.1443,2.67532
intel-lab-mote1,219,1077948226715,17.6854,39.1443,2.67532
intel-lab-mote1,220,1077948316404,17.6854,39.0763,2.67532
intel-lab-mote1,221,1077948377440,17.656,39.2123,2.68742
intel-lab-mote1,222,1077948407131,17.656,39.2123,2.67532
intel-lab-mote1,223,1077948466813,17.656,39.2123,2.67532
intel-lab-mote1,224,1077948496709,17.6658,39.2123,2.68742
intel-lab-mote1,225,1077948557629,17.6756,39.2123,2.67532
intel-lab-mote1,226,1077948587027,17.6756,39.2123,2.67532
intel-lab-mote1,227,1077948616890,17.6756,39.1783,2.67532
intel-lab-mote1,228,1077948647223,17.6658,39.2123,2.68742
intel-lab-mote1,229,1077948676743,17.6756,39.1443,2.67532
intel-lab-mote1,230,1077948706637,17.6658,39.2123,2.68742
intel-lab-mote1,231,1077948736895,17.656,39.2803,2.67532
intel-lab-mote1,232,1077948796457,17.656,39.2123,2.67532
intel-lab-mote1,233,1077948917648,17.6462,39.2463,2.67532
intel-lab-mote1,234,1077948977317,17.6364,39.2123,2.68742
intel-lab-mote1,235,1077949036937,17.6364,39.2463,2.67532
intel-lab-mote1,236,1077949186919,17.6364,39.1783,2.67532
intel-lab-mote1,237,1077949337293,17.6364,39.2123,2.66332
intel-lab-mote1,238,1077949397705,17.6266,39.1443,2.67532
intel-lab-mote1,239,1077949486464,17.5972,39.1443,2.67532
intel-lab-mote1,240,1077949517189,17.607,39.1783,2.67532
intel-lab-mote1,241,1077949636465,17.5776,39.3483,2.67532
intel-lab-mote1,242,1077949666584,17.5678,39.3143,2.67532
intel-lab-mote1,243,1077949727126,17.5776,39.3143,2.67532
intel-lab-mote1,244,1077949847445,17.5776,39.2803,2.67532
intel-lab-mote1,245,1077949937243,17.5776,39.3823,2.67532
intel-lab-mote1,246,1077950056766,17.5776,39.2803,2.67532
intel-lab-mote1,247,1077950147107,17.5678,39.2803,2.67532
intel-lab-mote1,248,1077950206775,17.5776,39.3143,2.68742
intel-lab-mote1,249,1077950266486,17.5776,39.2803,2.67532
intel-lab-mote1,250,1077950296836,17.5776,39.2803,2.67532
intel-lab-mote1,251,1077950327467,17.5776,39.3483,2.67532
intel-lab-mote1,252,1077950357260,17.5776,39.2463,2.67532
intel-lab-mote1,253,1077950387479,17.5678,39.2803,2.67532
intel-lab-mote1,254,1077950416680,17.5678,39.2463,2.67532
intel-lab-mote1,255,1077950446901,17.558,39.2463,2.67532
intel-lab-mote1,256,1077950536783,17.558,39.2123,2.68742
intel-lab-mote1,257,1077950627046,17.5482,39.2123,2.68742
intel-lab-mote1,258,1077950987029,17.5384,39.3483,2.67532
intel-lab-mote1,259,1077951197426,17.5482,39.4502,2.67532
intel-lab-mote1,260,1077951617369,17.509,39.2803,2.67532
intel-lab-mote1,261,1077951797465,17.509,39.2803,2.67532
intel-lab-mote1,262,1077951857597,17.509,39.2803,2.67532
intel-lab-mote1,263,1077951917330,17.509,39.2803,2.67532
intel-lab-mote1,264,1077952247838,17.5482,39.3143,2.67532
intel-lab-mote1,265,1077952456680,17.5874,39.2123,2.67532
intel-lab-mote1,266,1077952606674,17.5972,39.1443,2.67532
intel-lab-mote1,267,1077953356887,17.7442,38.872,2.67532
intel-lab-mote1,268,1077953386705,17.754,38.8379,2.68742
intel-lab-mote1,269,1077953537131,17.7932,38.8379,2.67532
intel-lab-mote1,270,1077953747113,17.8324,38.7698,2.67532
intel-lab-mote1,271,1077953777194,17.8324,38.7357,2.67532
intel-lab-mote1,272,1077953837227,17.852,38.7357,2.68742
intel-lab-mote1,273,1077953897809,17.8618,38.7357,2.68742
intel-lab-mote1,274,1077953928000,17.852,38.7357,2.67532
intel-lab-mote1,275,1077953957124,17.8618,38.7698,2.67532
intel-lab-mote1,276,1077954077130,17.8912,38.6675,2.68742
intel-lab-mote1,277,1077954106966,17.901,38.6675,2.68742
intel-lab-mote1,278,1077954227524,17.95,38.6334,2.67532
intel-lab-mote1,279,1077954287430,17.95,38.5993,2.67532
intel-lab-mote1,280,1077954316813,17.95,38.6675,2.67532
intel-lab-mote1,281,1077954346961,17.95,38.5993,2.67532
intel-lab-mote1,282,1077954406844,17.9598,38.6675,2.67532
intel-lab-mote1,283,1077954437409,17.9696,38.6334,2.67532
intel-lab-mote1,284,1077954467200,17.9892,38.5993,2.67532
intel-lab-mote1,285,1077954557367,18.0186,38.5311,2.67532
intel-lab-mote1,286,1077954586555,18.0284,38.5652,2.67532
intel-lab-mote1,287,1077954617145,18.0284,38.5311,2.67532
intel-lab-mote1,288,1077954677066,18.0578,38.5311,2.67532
intel-lab-mote1,289,1077954886722,18.1558,38.3946,2.67532
intel-lab-mote1,290,1077954917413,18.1656,38.3263,2.68742
intel-lab-mote1,291,1077955186849,18.3224,38.1897,2.68742
intel-lab-mote1,292,1077955276853,18.3812,38.0529,2.67532
intel-lab-mote1,293,1077955456681,18.4988,37.9161,2.68742
intel-lab-mote1,294,1077955607363,18.5772,37.7792,2.68742
intel-lab-mote1,295,1077955637819,18.5968,37.8477,2.68742
intel-lab-mote1,296,1077955696920,18.636,37.7107,2.68742
intel-lab-mote1,297,1077955876846,18.7732,37.5394,2.67532
intel-lab-mote1,298,1077955968051,18.8516,37.4022,2.68742
intel-lab-mote1,299,1077955998270,18.8614,37.3336,2.68742
intel-lab-mote1,300,1077956027810,18.8908,37.2993,2.68742
intel-lab-mote1,301,1077956056654,18.9202,37.2993,2.68742
intel-lab-mote1,302,1077956087632,18.93,37.2307,2.68742
intel-lab-mote1,303,1077956117844,18.9496,37.162,2.68742
intel-lab-mote1,304,1077956146932,18.9594,37.2307,2.68742
intel-lab-mote1,305,1077956387713,19.1652,36.7839,2.68742
intel-lab-mote1,306,1077956477597,19.1848,36.7495,2.68742
intel-lab-mote1,307,1077956538006,19.2142,36.7151,2.68742
intel-lab-mote1,308,1077956596876,19.2436,36.6118,2.68742
intel-lab-mote1,309,1077956656673,19.273,36.543,2.68742
intel-lab-mote1,310,1077956717835,19.322,36.4741,2.68742
intel-lab-mote1,311,1077956807857,19.3906,36.4052,2.69964
intel-lab-mote1,312,1077956867570,19.4396,36.2673,2.68742
intel-lab-mote1,313,1077956897906,19.4494,36.3018,2.69964
intel-lab-mote1,314,1077957017410,19.5376,36.1983,2.68742
intel-lab-mote1,315,1077957047166,19.5474,36.1293,2.69964
intel-lab-mote1,316,1077957106865,19.5964,36.0603,2.68742
intel-lab-mote1,317,1077957167570,19.665,35.9221,2.69964
intel-lab-mote1,318,1077957317929,19.763,35.7839,2.69964
intel-lab-mote1,319,1077957347736,19.7728,35.6802,2.68742
intel-lab-mote1,320,1077957377760,19.7826,35.7148,2.69964
intel-lab-mote1,321,1077957558273,19.9296,35.5764,2.69964
intel-lab-mote1,322,1077957707459,20.0178,35.3687,2.69964
intel-lab-mote1,323,1077957736710,20.0276,35.2995,2.68742
intel-lab-mote1,324,1077957767664,20.0472,35.2648,2.69964
intel-lab-mote1,325,1077958066800,20.253,34.8834,2.69964
intel-lab-mote1,326,1077958157168,20.2824,34.8834,2.69964
intel-lab-mote1,327,1077958457442,20.5176,34.536,2.69964
intel-lab-mote1,328,1077958547808,20.596,34.3969,2.69964
intel-lab-mote1,329,1077958578038,20.6058,34.3273,2.69964
intel-lab-mote1,330,1077958727874,20.7136,34.188,2.69964
intel-lab-mote1,331,1077958787636,20.7136,34.188,2.69964
intel-lab-mote1,332,1077958847194,20.7626,34.1184,2.69964
intel-lab-mote1,333,1077958968432,20.8312,34.0139,2.69964
intel-lab-mote1,334,1077959056937,20.89,33.9093,2.69964
intel-lab-mote1,335,1077959177632,20.988,33.8047,2.69964
intel-lab-mote1,336,1077959477074,21.2134,33.4206,2.71196
intel-lab-mote1,337,1077959508403,21.2428,33.4206,2.71196
intel-lab-mote1,338,1077959567546,21.282,33.3507,2.71196
intel-lab-mote1,339,1077959598483,21.3114,33.3158,2.71196
intel-lab-mote1,340,1077959628367,21.3114,33.2808,2.71196
intel-lab-mote1,341,1077959657324,21.3212,33.2808,2.71196
intel-lab-mote1,342,1077959687804,21.3212,33.2458,2.71196
intel-lab-mote1,343,1077959747929,21.3408,33.3507,2.71196
intel-lab-mote1,344,1077959777170,21.3702,33.2808,2.71196
intel-lab-mote1,345,1077959807013,21.3996,33.2808,2.69964
intel-lab-mote1,346,1077959867224,21.4388,33.2108,2.71196
intel-lab-mote1,347,1077959927591,21.4878,33.0709,2.71196
intel-lab-mote1,348,1077959958223,21.5172,33.0709,2.71196
intel-lab-mote1,349,1077959987581,21.5074,33.0009,2.71196
intel-lab-mote1,350,1077960047731,21.527,33.0359,2.71196
intel-lab-mote1,351,1077960078850,21.5368,33.0009,2.71196
intel-lab-mote1,352,1077960198457,21.6544,32.8608,2.71196
intel-lab-mote1,353,1077960227007,21.674,32.8958,2.71196
intel-lab-mote1,354,1077960257595,21.7132,32.8608,2.71196
intel-lab-mote1,355,1077960347692,21.7916,32.8257,2.71196
intel-lab-mote1,356,1077960408148,21.8112,32.7557,2.71196
intel-lab-mote1,357,1077960436887,21.8112,32.6855,2.7244
intel-lab-mote1,358,1077960558355,21.8896,32.5803,2.71196
intel-lab-mote1,359,1077960587237,21.8896,32.5452,2.7244
intel-lab-mote1,360,1077960677002,21.9484,32.5102,2.71196
intel-lab-mote1,361,1077960798675,22.017,32.44,2.7244
intel-lab-mote1,362,1077960828395,22.0366,32.4049,2.7244
intel-lab-mote1,363,1077960857649,22.066,32.3698,2.71196
intel-lab-mote1,364,1077960887207,22.0856,32.3346,2.71196
intel-lab-mote1,365,1077960918459,22.115,32.2995,2.7244
intel-lab-mote1,366,1077960947191,22.0954,32.4049,2.7244
intel-lab-mote1,367,1077961008887,22.0856,32.44,2.7244
intel-lab-mote1,368,1077961067214,22.0954,32.4049,2.7244
intel-lab-mote1,369,1077961097058,22.1346,32.3698,2.71196
intel-lab-mote1,370,1077961158106,22.1934,32.3346,2.7244
intel-lab-mote1,371,1077961188050,22.2228,32.2644,2.71196
intel-lab-mote1,372,1077961217879,22.2424,32.2293,2.7244
intel-lab-mote1,373,1077961277172,22.3012,32.1941,2.7244
intel-lab-mote1,374,1077961396934,22.36,32.0887,2.7244
intel-lab-mote1,375,1077961607874,22.458,31.948,2.71196
intel-lab-mote1,376,1077961666750,22.4972,31.948,2.7244
intel-lab-mote1,377,1077961697109,22.5168,31.8776,2.7244
intel-lab-mote1,378,1077961787739,22.4874,32.0183,2.71196
intel-lab-mote1,379,1077961907732,22.5952,31.8072,2.7244
intel-lab-mote1,380,1077961966999,22.6638,31.8072,2.7244
intel-lab-mote1,381,1077961998115,22.6834,31.7368,2.7244
intel-lab-mote1,382,1077962058078,22.6344,31.948,2.73696
intel-lab-mote1,383,1077962087357,22.6442,31.8072,2.7244
intel-lab-mote1,384,1077962116975,22.7128,31.7368,2.71196
intel-lab-mote1,385,1077962146762,22.7324,31.6664,2.7244
intel-lab-mote1,386,1077962177402,22.7618,31.5959,2.7244
intel-lab-mote1,387,1077962236963,22.752,31.6312,2.7244
intel-lab-mote1,388,1077962268705,22.7324,31.6664,2.7244
intel-lab-mote1,389,1077962296903,22.752,31.7368,2.7244
intel-lab-mote1,390,1077962327985,22.7912,31.6664,2.7244
intel-lab-mote1,391,1077962356879,22.7716,31.7368,2.7244
intel-lab-mote1,392,1077962387646,22.8108,31.7016,2.7244
intel-lab-mote1,393,1077962417380,22.8304,31.6312,2.73696
intel-lab-mote1,394,1077962447502,22.8794,31.5254,2.7244
intel-lab-mote1,395,1077962477030,22.8892,31.5254,2.7244
intel-lab-mote1,396,1077962688343,22.9872,31.3844,2.7244
intel-lab-mote1,397,1077962747684,23.0068,31.4197,2.7244
intel-lab-mote1,398,1077962777592,23.0264,31.4549,2.7244
intel-lab-mote1,399,1077962837837,23.0558,31.3139,2.73696
intel-lab-mote1,400,1077962867965,23.0754,31.3139,2.7244
intel-lab-mote1,401,1077962927351,23.0852,31.3139,2.73696
intel-lab-mote1,402,1077963017929,23.0852,31.3844,2.7244
intel-lab-mote1,403,1077963049022,23.1146,31.3139,2.7244
intel-lab-mote1,404,1077963168222,23.193,31.1374,2.7244
intel-lab-mote1,405,1077963348036,23.2616,31.1374,2.73696
intel-lab-mote1,406,1077963406867,23.3008,31.1021,2.7244
intel-lab-mote1,407,1077963497392,23.3596,31.0314,2.73696
intel-lab-mote1,408,1077963527308,23.3302,31.0667,2.7244
intel-lab-mote1,409,1077963677366,23.34,31.1727,2.7244
intel-lab-mote1,410,1077963797460,23.4576,30.9608,2.73696
intel-lab-mote1,411,1077963827284,23.487,30.8901,2.73696
intel-lab-mote1,412,1077963857593,23.5262,30.8547,2.73696
intel-lab-mote1,413,1077963888193,23.5164,30.8901,2.73696
intel-lab-mote1,414,1077963947166,23.6046,30.7486,2.7244
intel-lab-mote1,415,1077963977843,23.6536,30.6779,2.73696
intel-lab-mote1,416,1077964007684,23.683,30.6779,2.74963
intel-lab-mote1,417,1077964038670,23.6732,30.6779,2.73696
intel-lab-mote1,418,1077964066988,23.683,30.6779,2.73696
intel-lab-mote1,419,1077964157408,23.732,30.6071,2.7244
intel-lab-mote1,420,1077964187459,23.732,30.6071,2.73696
intel-lab-mote1,421,1077964217261,23.7418,30.5717,2.73696
intel-lab-mote1,422,1077964337196,23.8104,30.5363,2.73696
intel-lab-mote1,423,1077964518205,23.8496,30.5363,2.73696
intel-lab-mote1,424,1077964576994,23.9084,30.4655,2.73696
intel-lab-mote1,425,1077964637616,23.9182,30.4655,2.73696
intel-lab-mote1,426,1077964667674,23.9084,30.4301,2.73696
intel-lab-mote1,427,1077964697289,23.9182,30.3947,2.73696
intel-lab-mote1,428,1077964727224,23.9378,30.3947,2.73696
intel-lab-mote1,429,1077964786759,23.9574,30.3947,2.73696
intel-lab-mote1,430,1077964876994,23.9672,30.3947,2.7244
intel-lab-mote1,431,1077964967925,23.9868,30.3947,2.73696
intel-lab-mote1,432,1077965147793,24.0064,30.3947,2.73696
intel-lab-mote1,433,1077965178094,24.0162,30.3238,2.73696
intel-lab-mote1,434,1077965447444,24.1142,30.2529,2.73696
intel-lab-mote1,435,1077965508065,24.1436,30.2529,2.73696
intel-lab-mote1,436,1077965598604,24.1828,30.1465,2.74963
intel-lab-mote1,437,1077965628410,24.1828,30.182,2.73696
intel-lab-mote1,438,1077965747205,24.0848,30.3238,2.73696
intel-lab-mote1,439,1077965837152,24.2122,30.2529,2.73696
intel-lab-mote1,440,1077965927165,24.2808,30.1111,2.73696
intel-lab-mote1,441,1077966048600,24.3984,29.8981,2.73696
intel-lab-mote1,442,1077966138409,24.32,30.0401,2.74963
intel-lab-mote1,443,1077966167498,24.3004,30.1111,2.74963
intel-lab-mote1,444,1077966197513,24.3102,30.1111,2.73696
intel-lab-mote1,445,1077966287622,24.3984,30.2175,2.73696
intel-lab-mote1,446,1077966406988,24.4572,30.1111,2.74963
intel-lab-mote1,447,1077966468758,24.4866,30.0401,2.73696
intel-lab-mote1,448,1077966497545,24.4376,30.0401,2.73696
intel-lab-mote1,449,1077966528260,24.3984,30.0046,2.73696
intel-lab-mote1,450,1077966587655,24.3886,30.0046,2.74963
intel-lab-mote1,451,1077966618903,24.4082,30.0401,2.73696
intel-lab-mote1,452,1077966647083,24.3984,30.182,2.74963
intel-lab-mote1,453,1077966677187,24.418,30.0401,2.73696
intel-lab-mote1,454,1077966768609,24.2612,30.3238,2.74963
intel-lab-mote1,455,1077966827623,24.3494,30.2884,2.74963
intel-lab-mote1,456,1077966948239,24.5062,30.0401,2.73696
intel-lab-mote1,457,1077966978546,24.5356,30.0401,2.74963
intel-lab-mote1,458,1077967007427,24.516,29.9691,2.74963
intel-lab-mote1,459,1077967037648,24.5552,29.9691,2.74963
intel-lab-mote1,460,1077967067129,24.5552,29.8981,2.74963
intel-lab-mote1,461,1077967128360,24.565,29.9691,2.73696
intel-lab-mote1,462,1077967157252,24.5748,30.0046,2.73696
intel-lab-mote1,463,1077967368393,24.5552,30.0401,2.73696
intel-lab-mote1,464,1077967457225,24.4376,30.2884,2.74963
intel-lab-mote1,465,1077967517404,24.4474,30.3238,2.73696
intel-lab-mote1,466,1077967636884,24.4572,30.2175,2.73696
intel-lab-mote1,467,1077967727345,24.4474,30.3592,2.74963
intel-lab-mote1,468,1077967819044,24.4572,30.2529,2.73696
intel-lab-mote1,469,1077967906902,24.3886,30.6071,2.73696
intel-lab-mote1,470,1077967996920,24.3494,30.4655,2.74963
intel-lab-mote1,471,1077968057583,24.3004,30.5363,2.74963
intel-lab-mote1,472,1077968088111,24.3102,30.5009,2.73696
intel-lab-mote1,473,1077968117206,24.2808,30.6071,2.74963
intel-lab-mote1,474,1077968178822,24.2024,30.6779,2.74963
intel-lab-mote1,475,1077968236946,24.222,30.8194,2.74963
intel-lab-mote1,476,1077968328862,24.2808,30.6779,2.74963
intel-lab-mote1,477,1077968358073,24.2416,30.7486,2.73696
intel-lab-mote1,478,1077968448206,24.3102,30.6071,2.73696
intel-lab-mote1,479,1077968477165,24.3494,30.6071,2.74963
intel-lab-mote1,480,1077968508137,24.3298,30.6779,2.73696
intel-lab-mote1,481,1077968538411,24.3788,30.5363,2.73696
intel-lab-mote1,482,1077968596955,24.3592,30.5717,2.74963
intel-lab-mote1,483,1077968627597,24.3788,30.6071,2.74963
intel-lab-mote1,484,1077968747060,24.3886,30.6071,2.74963
intel-lab-mote1,485,1077968778248,24.3788,30.6779,2.74963
intel-lab-mote1,486,1077968838022,24.3984,30.6071,2.74963
intel-lab-mote1,487,1077968868250,24.3984,30.6779,2.74963
intel-lab-mote1,488,1077968897901,24.3886,30.6071,2.74963
intel-lab-mote1,489,1077968927938,24.418,30.5363,2.73696
intel-lab-mote1,490,1077968958163,24.4376,30.5363,2.74963
intel-lab-mote1,491,1077969168815,24.5258,30.4655,2.74963
intel-lab-mote1,492,1077969198616,24.5258,30.5363,2.74963
intel-lab-mote1,493,1077969289607,24.5944,30.3238,2.74963
intel-lab-mote1,494,1077969317750,24.614,30.2529,2.74963
intel-lab-mote1,495,1077969348049,24.614,30.2529,2.74963
intel-lab-mote1,496,1077969407531,24.6434,30.182,2.74963
intel-lab-mote1,497,1077969437068,24.663,30.182,2.74963
intel-lab-mote1,498,1077969469681,24.6532,30.182,2.74963
intel-lab-mote1,499,1077969529116,24.6532,30.182,2.74963
intel-lab-mote1,500,1077969587453,24.614,30.2529,2.74963
intel-lab-mote1,501,1077969648149,24.6336,30.2529,2.74963
intel-lab-mote1,502,1077969678271,24.614,30.2529,2.74963
intel-lab-mote1,503,1077969707419,24.6238,30.2175,2.74963
intel-lab-mote1,504,1077969737185,24.6042,30.3947,2.73696
intel-lab-mote1,505,1077969857824,24.5748,30.3947,2.74963
intel-lab-mote1,506,1077969887275,24.565,30.3947,2.74963
intel-lab-mote1,507,1077969917254,24.5356,30.5009,2.73696
intel-lab-mote1,508,1077970007914,24.5258,30.4655,2.74963
intel-lab-mote1,509,1077970036992,24.5552,30.4655,2.74963
intel-lab-mote1,510,1077970127156,24.4572,30.6779,2.74963
intel-lab-mote1,511,1077970159151,24.4964,30.5363,2.74963
intel-lab-mote1,512,1077970188149,24.5454,30.4655,2.74963
intel-lab-mote1,513,1077970217818,24.5748,30.4301,2.73696
intel-lab-mote1,514,1077970246996,24.5944,30.4655,2.73696
intel-lab-mote1,515,1077970278298,24.614,30.3947,2.73696
intel-lab-mote1,516,1077970337379,24.6042,30.5363,2.74963
intel-lab-mote1,517,1077970427091,24.6434,30.3947,2.74963
intel-lab-mote1,518,1077970517736,24.6336,30.3238,2.73696
intel-lab-mote1,519,1077970578210,24.6532,30.3238,2.74963
intel-lab-mote1,520,1077970607253,24.663,30.2529,2.74963
intel-lab-mote1,521,1077970787671,24.7414,30.182,2.74963
intel-lab-mote1,522,1077970877445,24.6826,30.3238,2.74963
intel-lab-mote1,523,1077970938001,24.712,30.2529,2.74963
intel-lab-mote1,524,1077970968622,24.6728,30.2529,2.73696
intel-lab-mote1,525,1077971028894,24.663,30.2529,2.74963
intel-lab-mote1,526,1077971117843,24.5944,30.3238,2.74963
intel-lab-mote1,527,1077971208150,24.5552,30.5363,2.74963
intel-lab-mote1,528,1077971239076,24.565,30.5363,2.74963
intel-lab-mote1,529,1077971269932,24.5552,30.4655,2.74963
intel-lab-mote1,530,1077971297926,24.565,30.5363,2.74963
intel-lab-mote1,531,1077971358463,24.5944,30.5363,2.74963
intel-lab-mote1,532,1077971447205,24.6336,30.5363,2.73696
intel-lab-mote1,533,1077971539372,24.6728,30.4655,2.74963
intel-lab-mote1,534,1077971597194,24.7022,30.4655,2.74963
intel-lab-mote1,535,1077971628030,24.712,30.4655,2.74963
intel-lab-mote1,536,1077971658118,24.7022,30.5009,2.74963
intel-lab-mote1,537,1077971716939,24.761,30.3947,2.74963
intel-lab-mote1,538,1077971747271,24.7904,30.3947,2.74963
intel-lab-mote1,539,1077971778577,24.7806,30.3238,2.74963
intel-lab-mote1,540,1077971807645,24.7904,30.3238,2.74963
intel-lab-mote1,541,1077971837241,24.81,30.3238,2.73696
intel-lab-mote1,542,1077971868224,24.7806,30.3947,2.74963
intel-lab-mote1,543,1077971957196,24.712,30.5363,2.74963
intel-lab-mote1,544,1077972019510,24.7512,30.5363,2.74963
intel-lab-mote1,545,1077972048929,24.7512,30.5009,2.74963
intel-lab-mote1,546,1077972078130,24.7708,30.5363,2.74963
intel-lab-mote1,547,1077972138292,24.7904,30.4655,2.74963
intel-lab-mote1,548,1077972227512,24.7708,30.4655,2.74963
intel-lab-mote1,549,1077972289097,24.663,30.7486,2.73696
intel-lab-mote1,550,1077972348619,24.6826,30.5363,2.74963
intel-lab-mote1,551,1077972378725,24.6728,30.6071,2.74963
intel-lab-mote1,552,1077972437460,24.6434,30.5717,2.74963
intel-lab-mote1,553,1077972469142,24.6238,30.6779,2.74963
intel-lab-mote1,554,1077972558506,24.614,30.784,2.74963
intel-lab-mote1,555,1077972588093,24.6532,30.7133,2.74963
intel-lab-mote1,556,1077972617681,24.6728,30.6071,2.74963
intel-lab-mote1,557,1077972648044,24.712,30.5009,2.74963
intel-lab-mote1,558,1077972678685,24.7512,30.4655,2.74963
intel-lab-mote1,559,1077972888363,24.7512,30.6779,2.74963
intel-lab-mote1,560,1077972917709,24.7316,30.5363,2.74963
intel-lab-mote1,561,1077972978871,24.7316,30.5363,2.74963
intel-lab-mote1,562,1077973157582,24.7218,30.784,2.74963
intel-lab-mote1,563,1077973217649,24.7316,30.8194,2.74963
intel-lab-mote1,564,1077973338796,24.7218,30.6779,2.73696
intel-lab-mote1,565,1077973548590,24.7414,30.6425,2.74963
intel-lab-mote1,566,1077973577791,24.7904,30.5363,2.74963
intel-lab-mote1,567,1077973847801,24.7512,30.5363,2.74963
intel-lab-mote1,568,1077973969099,24.81,30.5363,2.74963
intel-lab-mote1,569,1077974026915,24.7512,30.5363,2.74963
intel-lab-mote1,570,1077974058228,24.7806,30.4655,2.74963
intel-lab-mote1,571,1077974148141,24.859,30.5363,2.74963
intel-lab-mote1,572,1077974178962,24.859,30.4655,2.74963
intel-lab-mote1,573,1077974210039,24.8492,30.4301,2.76242
intel-lab-mote1,574,1077974238318,24.8296,30.5363,2.74963
intel-lab-mote1,575,1077974297994,24.7512,30.5363,2.74963
intel-lab-mote1,576,1077974329681,24.7316,30.6779,2.74963
intel-lab-mote1,577,1077974358745,24.7316,30.6425,2.74963
intel-lab-mote1,578,1077974388145,24.6924,30.6779,2.73696
intel-lab-mote1,579,1077974418956,24.712,30.6779,2.76242
intel-lab-mote1,580,1077974447368,24.7022,30.6071,2.74963
intel-lab-mote1,581,1077974478445,24.6924,30.6071,2.74963
intel-lab-mote1,582,1077974508098,24.712,30.6779,2.74963
intel-lab-mote1,583,1077974567653,24.7414,30.5363,2.73696
intel-lab-mote1,584,1077974659150,24.8786,30.3947,2.74963
intel-lab-mote1,585,1077974687446,24.8982,30.3238,2.74963
intel-lab-mote1,586,1077974717809,24.8786,30.3947,2.74963
intel-lab-mote1,587,1077974749101,24.8786,30.3947,2.74963
intel-lab-mote1,588,1077974777825,24.8884,30.3592,2.74963
intel-lab-mote1,589,1077974837476,24.8982,30.3238,2.74963
intel-lab-mote1,590,1077974897322,24.9864,30.182,2.74963
intel-lab-mote1,591,1077974929521,24.9864,30.1465,2.74963
intel-lab-mote1,592,1077974959278,24.9276,30.3947,2.74963
intel-lab-mote1,593,1077975107272,24.8492,30.3947,2.74963
intel-lab-mote1,594,1077975137463,24.8296,30.4655,2.74963
intel-lab-mote1,595,1077975167768,24.8002,30.6779,2.74963
intel-lab-mote1,596,1077975227295,24.712,30.6779,2.74963
intel-lab-mote1,597,1077975257708,24.712,30.6779,2.73696
intel-lab-mote1,598,1077975589401,24.7218,30.7133,2.74963
intel-lab-mote1,599,1077975618774,24.7414,30.6071,2.74963
intel-lab-mote1,600,1077975677662,24.7904,30.6071,2.74963
intel-lab-mote1,601,1077975708124,24.81,30.5009,2.74963
intel-lab-mote1,602,1077975737495,24.8394,30.4655,2.74963
intel-lab-mote1,603,1077975799087,24.8296,30.6071,2.74963
intel-lab-mote1,604,1077975829742,24.761,30.8901,2.74963
intel-lab-mote1,605,1077975857704,24.81,30.5363,2.74963
intel-lab-mote1,606,1077975947976,24.9178,30.3238,2.74963
intel-lab-mote1,607,1077976037675,24.8198,30.5363,2.74963
intel-lab-mote1,608,1077976157293,24.712,30.784,2.74963
intel-lab-mote1,609,1077976187364,24.6728,30.8901,2.74963
intel-lab-mote1,610,1077976307658,24.6532,30.9608,2.74963
intel-lab-mote1,611,1077976367520,24.7414,30.7486,2.74963
intel-lab-mote1,612,1077976517285,24.7708,30.6071,2.74963
intel-lab-mote1,613,1077976577544,24.7806,30.8194,2.74963
intel-lab-mote1,614,1077976758476,24.9374,30.4301,2.74963
intel-lab-mote1,615,1077976787631,24.9766,30.3947,2.74963
intel-lab-mote1,616,1077976937296,24.9766,30.2529,2.74963
intel-lab-mote1,617,1077976968045,24.9864,30.2529,2.74963
intel-lab-mote1,618,1077977028095,24.9668,30.2529,2.74963
intel-lab-mote1,619,1077977058436,24.8688,30.5363,2.74963
intel-lab-mote1,620,1077977148786,24.6728,30.8901,2.74963
intel-lab-mote1,621,1077977208255,24.5356,31.5959,2.74963
intel-lab-mote1,622,1077977237236,24.5258,30.9961,2.74963
intel-lab-mote1,623,1077977447331,24.5356,31.1021,2.74963
intel-lab-mote1,624,1077977569680,24.4572,31.1727,2.74963
intel-lab-mote1,625,1077977600502,24.4376,31.3139,2.74963
intel-lab-mote1,626,1077977928392,24.2612,31.5607,2.74963
intel-lab-mote1,627,1077977958265,24.1926,31.7368,2.74963
intel-lab-mote1,628,1077978020842,24.075,31.948,2.73696
intel-lab-mote1,629,1077978047847,24.0456,31.8072,2.73696
intel-lab-mote1,630,1077978109506,24.0456,31.8424,2.74963
intel-lab-mote1,631,1077978169624,24.0358,31.8072,2.74963
intel-lab-mote1,632,1077978287977,24.0162,31.948,2.74963
intel-lab-mote1,633,1077978318070,23.9868,32.0183,2.73696
intel-lab-mote1,634,1077978409346,23.9084,32.2293,2.74963
intel-lab-mote1,635,1077978498414,23.8202,32.2995,2.73696
intel-lab-mote1,636,1077978527730,23.83,32.1238,2.73696
intel-lab-mote1,637,1077978587363,23.9084,31.948,2.74963
intel-lab-mote1,638,1077978619573,23.8986,31.948,2.74963
intel-lab-mote1,639,1077978648864,23.928,31.8424,2.73696
intel-lab-mote1,640,1077978798115,23.8692,32.2293,2.73696
intel-lab-mote1,641,1077978858152,23.7908,32.5102,2.73696
intel-lab-mote1,642,1077978919121,23.7222,32.3698,2.73696
intel-lab-mote1,643,1077978979346,23.7516,32.0887,2.73696
intel-lab-mote1,644,1077979008481,23.7712,31.948,2.74963
intel-lab-mote1,645,1077979069191,23.8006,31.948,2.73696
intel-lab-mote1,646,1077979097571,23.8104,32.0183,2.74963
intel-lab-mote1,647,1077979159908,23.7908,32.2644,2.73696
intel-lab-mote1,648,1077979187415,23.7614,32.2293,2.73696
intel-lab-mote1,649,1077979217566,23.7614,32.2995,2.74963
intel-lab-mote1,650,1077979249013,23.7712,32.1941,2.73696
intel-lab-mote1,651,1077979277969,23.7614,32.159,2.73696
intel-lab-mote1,652,1077979308012,23.7516,32.2293,2.73696
intel-lab-mote1,653,1077979368884,23.732,32.159,2.74963
intel-lab-mote1,654,1077979399740,23.732,32.2293,2.73696
intel-lab-mote1,655,1077979427929,23.6928,32.44,2.73696
intel-lab-mote1,656,1077979490239,23.6634,32.5452,2.73696
intel-lab-mote1,657,1077979518208,23.6536,32.6505,2.73696
intel-lab-mote1,658,1077979638581,23.6144,32.5102,2.73696
intel-lab-mote1,659,1077979699970,23.7026,32.2293,2.73696
intel-lab-mote1,660,1077979879080,23.7614,32.5102,2.73696
intel-lab-mote1,661,1077979908340,23.7712,32.5102,2.73696
intel-lab-mote1,662,1077979997649,23.7614,32.159,2.74963
intel-lab-mote1,663,1077980029592,23.7712,32.1238,2.73696
intel-lab-mote1,664,1077980088925,23.781,32.1941,2.73696
intel-lab-mote1,665,1077980119171,23.7124,32.3346,2.73696
intel-lab-mote1,666,1077980147613,23.6928,32.5803,2.73696
intel-lab-mote1,667,1077980178347,23.683,32.5102,2.73696
intel-lab-mote1,668,1077980208296,23.7124,32.2293,2.73696
intel-lab-mote1,669,1077980329151,23.732,32.0887,2.73696
intel-lab-mote1,670,1077980357497,23.7516,32.1941,2.73696
intel-lab-mote1,671,1077980387595,23.7712,32.0887,2.73696
intel-lab-mote1,672,1077980418191,23.7712,32.1238,2.73696
intel-lab-mote1,673,1077980479475,23.7026,32.44,2.73696
intel-lab-mote1,674,1077980508488,23.683,32.5803,2.73696
intel-lab-mote1,675,1077980541049,23.634,32.5803,2.7244
intel-lab-mote1,676,1077980568410,23.6242,32.6855,2.73696
intel-lab-mote1,677,1077980628384,23.634,32.3698,2.73696
intel-lab-mote1,678,1077980688998,23.6732,32.3698,2.73696
intel-lab-mote1,679,1077980719520,23.683,32.2995,2.73696
intel-lab-mote1,680,1077980748236,23.6732,32.2995,2.73696
intel-lab-mote1,681,1077980780304,23.6732,32.4049,2.73696
intel-lab-mote1,682,1077980810308,23.6046,32.5452,2.73696
intel-lab-mote1,683,1077980839471,23.5948,32.6154,2.73696
intel-lab-mote1,684,1077980867571,23.6144,32.5102,2.74963
intel-lab-mote1,685,1077980898301,23.6438,32.4049,2.73696
intel-lab-mote1,686,1077980927937,23.6634,32.2995,2.73696
intel-lab-mote1,687,1077980958253,23.6732,32.3698,2.74963
intel-lab-mote1,688,1077980988464,23.6928,32.3698,2.74963
intel-lab-mote1,689,1077981047503,23.6634,32.44,2.73696
intel-lab-mote1,690,1077981077341,23.6536,32.44,2.73696
intel-lab-mote1,691,1077981108329,23.6144,32.5803,2.73696
intel-lab-mote1,692,1077981229543,23.5164,32.7907,2.73696
intel-lab-mote1,693,1077981288473,23.4968,32.7907,2.73696
intel-lab-mote1,694,1077981318136,23.4674,32.7907,2.7244
intel-lab-mote1,695,1077981438140,23.438,32.7907,2.73696
intel-lab-mote1,696,1077981467583,23.438,32.8257,2.74963
intel-lab-mote1,697,1077981498812,23.438,32.7557,2.73696
intel-lab-mote1,698,1077981527403,23.4478,32.7206,2.73696
intel-lab-mote1,699,1077981557549,23.438,32.5803,2.73696
intel-lab-mote1,700,1077981619763,23.4576,32.5803,2.73696
intel-lab-mote1,701,1077981648542,23.4576,32.6505,2.73696
intel-lab-mote1,702,1077981829399,23.3694,32.8608,2.7244
intel-lab-mote1,703,1077981858914,23.3596,32.8608,2.73696
intel-lab-mote1,704,1077981890615,23.3596,32.7206,2.73696
intel-lab-mote1,705,1077981917796,23.3596,32.7907,2.73696
intel-lab-mote1,706,1077981947412,23.34,32.7907,2.73696
intel-lab-mote1,707,1077982037386,23.3106,32.7907,2.73696
intel-lab-mote1,708,1077982099710,23.3302,32.9308,2.7244
intel-lab-mote1,709,1077982127407,23.3204,32.9308,2.73696
intel-lab-mote1,710,1077982189407,23.291,32.9308,2.73696
intel-lab-mote1,711,1077982218268,23.2812,33.0009,2.73696
intel-lab-mote1,712,1077982248628,23.2812,32.9659,2.73696
intel-lab-mote1,713,1077982277394,23.2714,33.0009,2.7244
intel-lab-mote1,714,1077982309130,23.2616,32.8958,2.73696
intel-lab-mote1,715,1077982337671,23.242,32.8608,2.73696
intel-lab-mote1,716,1077982428609,23.2224,32.8958,2.73696
intel-lab-mote1,717,1077982459135,23.2224,32.8608,2.7244
intel-lab-mote1,718,1077982487671,23.2224,32.7907,2.7244
intel-lab-mote1,719,1077982517680,23.2028,32.8608,2.7244
intel-lab-mote1,720,1077982608496,23.1832,32.8608,2.7244
intel-lab-mote1,721,1077982669144,23.1636,32.9659,2.73696
intel-lab-mote1,722,1077982699643,23.1538,33.1409,2.73696
intel-lab-mote1,723,1077982729657,23.1342,33.0709,2.73696
intel-lab-mote1,724,1077982759224,23.1244,33.1409,2.73696
intel-lab-mote1,725,1077982880734,23.0754,33.2458,2.7244
intel-lab-mote1,726,1077982967613,23.0656,33.1409,2.73696
intel-lab-mote1,727,1077983030454,23.046,33.1409,2.73696
intel-lab-mote1,728,1077983057465,23.0264,33.2108,2.73696
intel-lab-mote1,729,1077983119881,23.0166,33.2458,2.73696
intel-lab-mote1,730,1077983180286,23.0068,33.2808,2.73696
intel-lab-mote1,731,1077983269942,22.9676,33.2108,2.7244
intel-lab-mote1,732,1077983298888,22.9382,33.2808,2.73696
intel-lab-mote1,733,1077983328748,22.899,33.2808,2.7244
intel-lab-mote1,734,1077983359525,22.85,33.3507,2.73696
intel-lab-mote1,735,1077983388507,22.8402,33.4905,2.7244
intel-lab-mote1,736,1077983419250,22.8402,33.4905,2.73696
intel-lab-mote1,737,1077983448637,22.85,33.4905,2.73696
intel-lab-mote1,738,1077983478360,22.8402,33.5254,2.74963
intel-lab-mote1,739,1077983509696,22.8402,33.5254,2.73696
intel-lab-mote1,740,1077983567457,22.8304,33.5604,2.7244
intel-lab-mote1,741,1077983600519,22.8304,33.4905,2.73696
intel-lab-mote1,742,1077983629679,22.8402,33.5254,2.7244
intel-lab-mote1,743,1077983659836,22.8304,33.4206,2.7244
intel-lab-mote1,744,1077983689840,22.8206,33.4905,2.73696
intel-lab-mote1,745,1077983808711,22.7716,33.5953,2.73696
intel-lab-mote1,746,1077983869283,22.7716,33.6302,2.7244
intel-lab-mote1,747,1077984108673,22.752,33.5604,2.7244
intel-lab-mote1,748,1077984138857,22.7324,33.5604,2.73696
intel-lab-mote1,749,1077984198887,22.6932,33.5953,2.73696
intel-lab-mote1,750,1077984257747,22.6736,33.7,2.73696
intel-lab-mote1,751,1077984291157,22.6736,33.7,2.73696
intel-lab-mote1,752,1077984317770,22.6638,33.7,2.73696
intel-lab-mote1,753,1077984347703,22.654,33.7,2.73696
intel-lab-mote1,754,1077984408221,22.6344,33.7698,2.7244
intel-lab-mote1,755,1077984438304,22.6246,33.8396,2.7244
intel-lab-mote1,756,1077984469128,22.6148,33.8396,2.7244
intel-lab-mote1,757,1077984530116,22.5854,33.9093,2.7244
intel-lab-mote1,758,1077984710807,22.5168,33.979,2.7244
intel-lab-mote1,759,1077984739905,22.5364,33.979,2.7244
intel-lab-mote1,760,1077984798290,22.5462,33.979,2.7244
intel-lab-mote1,761,1077984827533,22.5364,33.979,2.73696
intel-lab-mote1,762,1077984859769,22.5266,33.979,2.73696
intel-lab-mote1,763,1077984948298,22.5168,34.0139,2.7244
intel-lab-mote1,764,1077984979368,22.5266,34.0487,2.73696
intel-lab-mote1,765,1077985007399,22.5168,34.0487,2.7244
intel-lab-mote1,766,1077985067674,22.5168,34.0139,2.7244
intel-lab-mote1,767,1077985097765,22.4972,34.0487,2.7244
intel-lab-mote1,768,1077985189938,22.4776,34.0139,2.7244
intel-lab-mote1,769,1077985277751,22.458,34.0487,2.7244
intel-lab-mote1,770,1077985338184,22.458,34.0836,2.7244
intel-lab-mote1,771,1077985368196,22.458,34.1184,2.7244
intel-lab-mote1,772,1077985458116,22.409,34.188,2.7244
intel-lab-mote1,773,1077985488107,22.3992,34.188,2.7244
intel-lab-mote1,774,1077985517575,22.3796,34.2577,2.7244
intel-lab-mote1,775,1077985548399,22.36,34.2229,2.7244
intel-lab-mote1,776,1077985579027,22.3404,34.2577,2.7244
intel-lab-mote1,777,1077985608602,22.3404,34.2577,2.7244
intel-lab-mote1,778,1077985667729,22.3208,34.3273,2.7244
intel-lab-mote1,779,1077985727525,22.3012,34.3273,2.7244
intel-lab-mote1,780,1077985758079,22.2816,34.3969,2.7244
intel-lab-mote1,781,1077985848871,22.262,34.5012,2.7244
intel-lab-mote1,782,1077985910013,22.2424,34.536,2.7244
intel-lab-mote1,783,1077985939724,22.2228,34.536,2.71196
intel-lab-mote1,784,1077985970348,22.2228,34.536,2.7244
intel-lab-mote1,785,1077986029672,22.213,34.536,2.7244
intel-lab-mote1,786,1077986060983,22.2228,34.536,2.7244
intel-lab-mote1,787,1077986118748,22.2032,34.536,2.7244
intel-lab-mote1,788,1077986148841,22.1934,34.536,2.7244
intel-lab-mote1,789,1077986178197,22.1836,34.536,2.7244
intel-lab-mote1,790,1077986210295,22.164,34.536,2.73696
intel-lab-mote1,791,1077986241122,22.164,34.536,2.7244
intel-lab-mote1,792,1077986360018,22.1052,34.675,2.7244
intel-lab-mote1,793,1077986391161,22.1052,34.675,2.71196
intel-lab-mote1,794,1077986450432,22.066,34.7445,2.7244
intel-lab-mote1,795,1077986507650,22.066,34.7445,2.7244
intel-lab-mote1,796,1077986538811,22.0366,34.7792,2.7244
intel-lab-mote1,797,1077986570595,22.0268,34.8487,2.7244
intel-lab-mote1,798,1077986598336,22.0072,34.8834,2.7244
intel-lab-mote1,799,1077986659744,21.9974,34.9181,2.7244
intel-lab-mote1,800,1077986717761,21.9778,34.8834,2.71196
intel-lab-mote1,801,1077986751181,21.9778,34.9181,2.7244
intel-lab-mote1,802,1077986780752,21.9876,34.9181,2.73696
intel-lab-mote1,803,1077986808883,21.9778,34.9181,2.7244
intel-lab-mote1,804,1077986899093,21.9974,34.8834,2.7244
intel-lab-mote1,805,1077986929661,21.9876,34.9181,2.7244
intel-lab-mote1,806,1077986961683,21.968,34.9528,2.71196
intel-lab-mote1,807,1077987019383,21.8994,35.0222,2.71196
intel-lab-mote1,808,1077987047486,21.8896,35.0915,2.7244
intel-lab-mote1,809,1077987109785,21.8504,35.2995,2.7244
intel-lab-mote1,810,1077987138205,21.8308,35.5072,2.7244
intel-lab-mote1,811,1077987167481,21.8602,35.4034,2.71196
intel-lab-mote1,812,1077987258432,21.8308,35.5072,2.7244
intel-lab-mote1,813,1077987350263,21.821,35.438,2.7244
intel-lab-mote1,814,1077987530908,21.8112,35.4726,2.7244
intel-lab-mote1,815,1077987560579,21.8112,35.5072,2.7244
intel-lab-mote1,816,1077987589150,21.8112,35.438,2.71196
intel-lab-mote1,817,1077987618490,21.8112,35.5072,2.7244
intel-lab-mote1,818,1077987649040,21.8112,35.5072,2.7244
intel-lab-mote1,819,1077987677748,21.8112,35.4726,2.7244
intel-lab-mote1,820,1077987769698,21.821,35.438,2.7244
intel-lab-mote1,821,1077987798274,21.821,35.438,2.7244
intel-lab-mote1,822,1077987858889,21.8112,35.438,2.7244
intel-lab-mote1,823,1077987947611,21.8308,35.438,2.71196
intel-lab-mote1,824,1077988008379,21.8112,35.438,2.71196
intel-lab-mote1,825,1077988069186,21.8112,35.438,2.71196
intel-lab-mote1,826,1077988129143,21.8112,35.438,2.71196
intel-lab-mote1,827,1077988157749,21.8112,35.438,2.7244
intel-lab-mote1,828,1077988340078,21.7524,35.5072,2.7244
intel-lab-mote1,829,1077988368174,21.7328,35.5072,2.7244
intel-lab-mote1,830,1077988398882,21.7132,35.5764,2.7244
intel-lab-mote1,831,1077988428889,21.723,35.5764,2.7244
intel-lab-mote1,832,1077988462294,21.7132,35.5764,2.71196
intel-lab-mote1,833,1077988490826,21.7132,35.6456,2.71196
intel-lab-mote1,834,1077988519316,21.7132,35.6456,2.7244
intel-lab-mote1,835,1077988548183,21.6936,35.6456,2.7244
intel-lab-mote1,836,1077988579591,21.674,35.7148,2.7244
intel-lab-mote1,837,1077988760008,21.6054,35.7839,2.71196
intel-lab-mote1,838,1077988819257,21.6054,35.853,2.7244
intel-lab-mote1,839,1077988910175,21.5368,35.9221,2.71196
intel-lab-mote1,840,1077988939939,21.5368,35.8876,2.7244
intel-lab-mote1,841,1077989057990,21.478,35.9221,2.7244
intel-lab-mote1,842,1077989090473,21.4584,35.9912,2.71196
intel-lab-mote1,843,1077989118253,21.4584,35.9567,2.71196
intel-lab-mote1,844,1077989150128,21.429,35.9912,2.7244
intel-lab-mote1,845,1077989238751,21.4094,36.0603,2.7244
intel-lab-mote1,846,1077989268633,21.4192,36.0603,2.71196
intel-lab-mote1,847,1077989299454,21.3996,36.0603,2.7244
intel-lab-mote1,848,1077989329162,21.38,36.0948,2.7244
intel-lab-mote1,849,1077989480332,21.331,36.1638,2.71196
intel-lab-mote1,850,1077989508103,21.3212,36.1983,2.7244
intel-lab-mote1,851,1077989599264,21.282,36.1983,2.71196
intel-lab-mote1,852,1077989629030,21.2722,36.1983,2.71196
intel-lab-mote1,853,1077989717735,21.2918,36.1983,2.71196
intel-lab-mote1,854,1077989777767,21.2918,36.1983,2.7244
intel-lab-mote1,855,1077989838827,21.282,36.1983,2.71196
intel-lab-mote1,856,1077989868799,21.2722,36.2328,2.71196
intel-lab-mote1,857,1077989898205,21.2722,36.2673,2.7244
intel-lab-mote1,858,1077990107631,21.184,36.5085,2.7244
intel-lab-mote1,859,1077990137880,21.2134,36.6807,2.71196
intel-lab-mote1,860,1077990200699,21.2036,36.6118,2.71196
intel-lab-mote1,861,1077990377704,21.2036,36.4741,2.71196
intel-lab-mote1,862,1077990438426,21.2036,36.4052,2.71196
intel-lab-mote1,863,1077990528181,21.1938,36.3707,2.71196
intel-lab-mote1,864,1077990558195,21.1742,36.4741,2.71196
intel-lab-mote1,865,1077990617684,21.1644,36.5085,2.71196
intel-lab-mote1,866,1077990648317,21.1546,36.4741,2.71196
intel-lab-mote1,867,1077990679039,21.135,36.5085,2.7244
intel-lab-mote1,868,1077990740218,21.1154,36.6118,2.71196
intel-lab-mote1,869,1077990798000,21.1056,36.5774,2.71196
intel-lab-mote1,870,1077990857924,21.1252,36.543,2.71196
intel-lab-mote1,871,1077990918936,21.1252,36.6118,2.71196
intel-lab-mote1,872,1077991007934,21.1056,36.543,2.71196
intel-lab-mote1,873,1077991040362,21.0762,36.543,2.71196
intel-lab-mote1,874,1077991128258,21.086,36.543,2.71196
intel-lab-mote1,875,1077991188895,21.086,36.543,2.71196
intel-lab-mote1,876,1077991220158,21.086,36.6118,2.69964
intel-lab-mote1,877,1077991250375,21.086,36.6118,2.71196
intel-lab-mote1,878,1077991308337,21.086,36.6807,2.69964
intel-lab-mote1,879,1077991398694,21.086,36.543,2.69964
intel-lab-mote1,880,1077991428911,21.0762,36.5774,2.71196
intel-lab-mote1,881,1077991458262,21.0664,36.6118,2.69964
intel-lab-mote1,882,1077991489886,21.0566,36.8183,2.71196
intel-lab-mote1,883,1077991519766,21.0664,36.6807,2.71196
intel-lab-mote1,884,1077991578357,21.0664,36.8183,2.71196
intel-lab-mote1,885,1077991640644,21.0566,36.7839,2.71196
intel-lab-mote1,886,1077991699753,21.0468,36.7495,2.71196
intel-lab-mote1,887,1077991728709,21.0468,36.6463,2.69964
intel-lab-mote1,888,1077991759723,21.0468,36.6463,2.69964
intel-lab-mote1,889,1077991789974,21.0468,36.6807,2.7244
intel-lab-mote1,890,1077991817760,21.037,36.7495,2.71196
intel-lab-mote1,891,1077991878069,21.0076,36.8183,2.71196
intel-lab-mote1,892,1077991911010,21.0076,36.8183,2.71196
intel-lab-mote1,893,1077991968283,20.9978,36.8871,2.71196
intel-lab-mote1,894,1077992028627,20.9978,36.8527,2.71196
intel-lab-mote1,895,1077992089327,20.9978,36.8183,2.71196
intel-lab-mote1,896,1077992147744,20.9782,36.8183,2.69964
intel-lab-mote1,897,1077992180150,20.9782,36.8183,2.69964
intel-lab-mote1,898,1077992207700,20.988,36.7495,2.71196
intel-lab-mote1,899,1077992270465,20.9684,36.7839,2.71196
intel-lab-mote1,900,1077992299493,20.9586,36.8183,2.69964
intel-lab-mote1,901,1077992330826,20.9586,36.8183,2.71196
intel-lab-mote1,902,1077992361135,20.9684,36.8183,2.71196
intel-lab-mote1,903,1077992388953,20.9488,36.8183,2.71196
intel-lab-mote1,904,1077992447980,20.9488,36.8183,2.69964
intel-lab-mote1,905,1077992508029,20.939,36.8871,2.71196
intel-lab-mote1,906,1077992568225,20.9194,36.7839,2.69964
intel-lab-mote1,907,1077992689719,20.89,36.9559,2.69964
intel-lab-mote1,908,1077992720125,20.89,36.9559,2.71196
intel-lab-mote1,909,1077992749166,20.89,36.9559,2.71196
intel-lab-mote1,910,1077992781207,20.89,36.9902,2.69964
intel-lab-mote1,911,1077992809908,20.89,37.0246,2.71196
intel-lab-mote1,912,1077993048795,20.8704,37.0933,2.71196
intel-lab-mote1,913,1077993080320,20.8508,37.0933,2.71196
intel-lab-mote1,914,1077993109016,20.8508,37.0933,2.71196
intel-lab-mote1,915,1077993141713,20.841,37.1277,2.71196
intel-lab-mote1,916,1077993168811,20.8312,37.0246,2.69964
intel-lab-mote1,917,1077993198555,20.8312,37.1963,2.71196
intel-lab-mote1,918,1077993229939,20.8214,37.162,2.71196
intel-lab-mote1,919,1077993319126,20.792,37.162,2.71196
intel-lab-mote1,920,1077993349941,20.8018,37.1963,2.69964
intel-lab-mote1,921,1077993409901,20.8018,37.2307,2.71196
intel-lab-mote1,922,1077993470741,20.8018,37.2307,2.71196
intel-lab-mote1,923,1077993558864,20.792,37.2307,2.71196
intel-lab-mote1,924,1077993588406,20.792,37.162,2.71196
intel-lab-mote1,925,1077993649771,20.7724,37.162,2.69964
intel-lab-mote1,926,1077993679058,20.7724,37.0933,2.71196
intel-lab-mote1,927,1077993710779,20.7528,37.162,2.71196
intel-lab-mote1,928,1077993769531,20.7528,37.0933,2.71196
intel-lab-mote1,929,1077993800631,20.7528,37.1277,2.71196
intel-lab-mote1,930,1077993830933,20.7528,37.162,2.71196
intel-lab-mote1,931,1077993888545,20.743,37.162,2.71196
intel-lab-mote1,932,1077993948148,20.743,37.162,2.71196
intel-lab-mote1,933,1077993978390,20.7332,37.162,2.69964
intel-lab-mote1,934,1077994007800,20.7332,37.2307,2.69964
intel-lab-mote1,935,1077994038573,20.7332,37.2993,2.71196
intel-lab-mote1,936,1077994068609,20.7234,37.2307,2.71196
intel-lab-mote1,937,1077994131587,20.7038,37.2307,2.69964
intel-lab-mote1,938,1077994159661,20.7136,37.2993,2.69964
intel-lab-mote1,939,1077994189330,20.7136,37.3679,2.69964
intel-lab-mote1,940,1077994249678,20.694,37.3679,2.71196
intel-lab-mote1,941,1077994279294,20.7038,37.3679,2.69964
intel-lab-mote1,942,1077994312282,20.7038,37.3679,2.69964
intel-lab-mote1,943,1077994340333,20.694,37.3336,2.69964
intel-lab-mote1,944,1077994401088,20.694,37.2993,2.69964
intel-lab-mote1,945,1077994458899,20.6744,37.3679,2.69964
intel-lab-mote1,946,1077994489166,20.6842,37.2993,2.69964
intel-lab-mote1,947,1077994520451,20.6646,37.4365,2.69964
intel-lab-mote1,948,1077994610164,20.6548,37.4365,2.69964
intel-lab-mote1,949,1077994701787,20.6548,37.3679,2.69964
intel-lab-mote1,950,1077994727715,20.6548,37.3679,2.71196
intel-lab-mote1,951,1077994758575,20.6646,37.3679,2.71196
intel-lab-mote1,952,1077994818542,20.6352,37.4022,2.71196
intel-lab-mote1,953,1077994879369,20.6352,37.3679,2.69964
intel-lab-mote1,954,1077994907699,20.6254,37.4365,2.69964
intel-lab-mote1,955,1077995001239,20.6254,37.3679,2.69964
intel-lab-mote1,956,1077995027700,20.6058,37.3679,2.69964
intel-lab-mote1,957,1077995090246,20.596,37.3679,2.71196
intel-lab-mote1,958,1077995210975,20.596,37.3679,2.71196
intel-lab-mote1,959,1077995270695,20.596,37.3679,2.69964
intel-lab-mote1,960,1077995299258,20.596,37.3679,2.71196
intel-lab-mote1,961,1077995360306,20.5862,37.3679,2.69964
intel-lab-mote1,962,1077995390707,20.5764,37.4365,2.69964
intel-lab-mote1,963,1077995420761,20.5764,37.4365,2.71196
intel-lab-mote1,964,1077995507911,20.5764,37.4708,2.69964
intel-lab-mote1,965,1077995537952,20.5764,37.5051,2.69964
intel-lab-mote1,966,1077995599664,20.5764,37.5051,2.69964
intel-lab-mote1,967,1077995781533,20.5568,37.5737,2.71196
intel-lab-mote1,968,1077995808975,20.5568,37.5737,2.69964
intel-lab-mote1,969,1077995837736,20.5372,37.6079,2.69964
intel-lab-mote1,970,1077995867742,20.5372,37.5737,2.69964
intel-lab-mote1,971,1077995899196,20.547,37.5737,2.69964
intel-lab-mote1,972,1077995930805,20.5372,37.6079,2.69964
intel-lab-mote1,973,1077995959686,20.5372,37.6422,2.69964
intel-lab-mote1,974,1077995988772,20.5274,37.5737,2.71196
intel-lab-mote1,975,1077996110115,20.5176,37.5737,2.69964
intel-lab-mote1,976,1077996139882,20.5176,37.6422,2.69964
intel-lab-mote1,977,1077996168372,20.5078,37.6765,2.69964
intel-lab-mote1,978,1077996228369,20.498,37.5737,2.69964
intel-lab-mote1,979,1077996259408,20.498,37.6765,2.71196
intel-lab-mote1,980,1077996319254,20.4784,37.5737,2.69964
intel-lab-mote1,981,1077996349953,20.4784,37.6422,2.69964
intel-lab-mote1,982,1077996382237,20.4784,37.6765,2.69964
intel-lab-mote1,983,1077996410384,20.4784,37.6422,2.69964
intel-lab-mote1,984,1077996439661,20.4686,37.6422,2.69964
intel-lab-mote1,985,1077996472198,20.4588,37.6422,2.69964
intel-lab-mote1,986,1077996529676,20.4588,37.6079,2.69964
intel-lab-mote1,987,1077996592118,20.4784,37.5737,2.71196
intel-lab-mote1,988,1077996710922,20.4686,37.5737,2.69964
intel-lab-mote1,989,1077996830160,20.4588,37.6422,2.69964
intel-lab-mote1,990,1077997007785,20.4392,37.8477,2.71196
intel-lab-mote1,991,1077997068144,20.4294,37.8477,2.69964
intel-lab-mote1,992,1077997158567,20.4392,37.8477,2.69964
intel-lab-mote1,993,1077997248378,20.4294,37.8134,2.69964
intel-lab-mote1,994,1077997278089,20.4392,37.8477,2.71196
intel-lab-mote1,995,1077997337828,20.4196,37.8134,2.69964
intel-lab-mote1,996,1077997368486,20.4098,37.8477,2.69964
intel-lab-mote1,997,1077997400260,20.4098,37.9161,2.69964
intel-lab-mote1,998,1077997457898,20.4,37.9161,2.69964
intel-lab-mote1,999,1077997490963,20.3902,37.9161,2.69964
intel-lab-mote1,1000,1077997520933,20.3902,37.8477,2.69964
intel-lab-mote1,1001,1077997549355,20.4,37.8477,2.69964
intel-lab-mote1,1002,1077997577958,20.4,37.8819,2.71196
intel-lab-mote1,1003,1077997608595,20.4,37.9161,2.69964
intel-lab-mote1,1004,1077997640098,20.3902,37.9161,2.69964
intel-lab-mote1,1005,1077997670619,20.3902,37.9161,2.69964
intel-lab-mote1,1006,1077997700090,20.3902,37.9161,2.69964
intel-lab-mote1,1007,1077997730331,20.3804,37.9161,2.69964
intel-lab-mote1,1008,1077997788072,20.3804,37.9503,2.69964
intel-lab-mote1,1009,1077997850678,20.3804,37.9161,2.69964
intel-lab-mote1,1010,1077997879762,20.3706,37.8819,2.69964
intel-lab-mote1,1011,1077997910623,20.3804,37.8477,2.71196
intel-lab-mote1,1012,1077997939065,20.3902,37.8477,2.69964
intel-lab-mote1,1013,1077997968862,20.3706,37.8819,2.69964
intel-lab-mote1,1014,1077998002592,20.3706,37.9161,2.69964
intel-lab-mote1,1015,1077998149061,20.3706,37.9161,2.69964
intel-lab-mote1,1016,1077998180577,20.3804,37.9503,2.69964
intel-lab-mote1,1017,1077998210443,20.3804,37.9845,2.69964
intel-lab-mote1,1018,1077998238679,20.3804,37.9845,2.69964
intel-lab-mote1,1019,1077998271777,20.3804,37.9845,2.69964
intel-lab-mote1,1020,1077998329052,20.3608,38.0187,2.71196
intel-lab-mote1,1021,1077998390779,20.351,38.0529,2.69964
intel-lab-mote1,1022,1077998421960,20.3412,38.1213,2.69964
intel-lab-mote1,1023,1077998449033,20.3412,38.0871,2.69964
intel-lab-mote1,1024,1077998510408,20.3412,38.1213,2.69964
intel-lab-mote1,1025,1077998601181,20.3412,38.0871,2.69964
intel-lab-mote1,1026,1077998658975,20.3314,38.0529,2.69964
intel-lab-mote1,1027,1077998691259,20.3314,38.1213,2.69964
intel-lab-mote1,1028,1077998719900,20.3314,38.1213,2.69964
intel-lab-mote1,1029,1077998749336,20.3412,38.0871,2.71196
intel-lab-mote1,1030,1077998779928,20.3314,38.1213,2.69964
intel-lab-mote1,1031,1077998810674,20.3216,38.1213,2.69964
intel-lab-mote1,1032,1077998839246,20.3216,38.1213,2.71196
intel-lab-mote1,1033,1077998868709,20.3216,38.0529,2.69964
intel-lab-mote1,1034,1077998899452,20.3216,38.0871,2.69964
intel-lab-mote1,1035,1077998929163,20.3412,38.0529,2.71196
intel-lab-mote1,1036,1077998957761,20.3216,38.0529,2.69964
intel-lab-mote1,1037,1077998989414,20.3216,38.0871,2.69964
intel-lab-mote1,1038,1077999018964,20.3216,38.0529,2.69964
intel-lab-mote1,1039,1077999051656,20.3118,38.1213,2.69964
intel-lab-mote1,1040,1077999078725,20.3118,38.1213,2.71196
intel-lab-mote1,1041,1077999110002,20.3118,38.0529,2.69964
intel-lab-mote1,1042,1077999169746,20.3118,38.0529,2.69964
intel-lab-mote1,1043,1077999201007,20.302,38.0871,2.69964
intel-lab-mote1,1044,1077999261109,20.3118,37.9845,2.69964
intel-lab-mote1,1045,1077999320874,20.3216,38.0529,2.69964
intel-lab-mote1,1046,1077999348365,20.3216,37.9845,2.69964
intel-lab-mote1,1047,1077999380897,20.3216,38.1555,2.69964
intel-lab-mote1,1048,1077999411909,20.3118,37.9845,2.71196
intel-lab-mote1,1049,1077999437998,20.3216,37.9845,2.69964
intel-lab-mote1,1050,1077999469420,20.302,38.0871,2.69964
intel-lab-mote1,1051,1077999500120,20.302,38.258,2.69964
intel-lab-mote1,1052,1077999529092,20.302,38.1213,2.69964
intel-lab-mote1,1053,1077999561199,20.2922,38.1213,2.69964
intel-lab-mote1,1054,1077999590763,20.302,38.1897,2.69964
intel-lab-mote1,1055,1077999620187,20.302,38.1897,2.69964
intel-lab-mote1,1056,1077999649902,20.2824,38.258,2.69964
intel-lab-mote1,1057,1077999708371,20.2824,38.2922,2.69964
intel-lab-mote1,1058,1077999739465,20.2824,38.258,2.68742
intel-lab-mote1,1059,1077999798038,20.2726,38.258,2.69964
intel-lab-mote1,1060,1077999889161,20.2726,38.2922,2.69964
intel-lab-mote1,1061,1077999950226,20.2824,38.258,2.69964
intel-lab-mote1,1062,1077999981836,20.2726,38.3263,2.69964
intel-lab-mote1,1063,1078000041698,20.2726,38.258,2.68742
intel-lab-mote1,1064,1078000068230,20.2726,38.2922,2.69964
intel-lab-mote1,1065,1078000128731,20.2628,38.1555,2.69964
intel-lab-mote1,1066,1078000158774,20.2628,38.258,2.69964
intel-lab-mote1,1067,1078000248027,20.2432,38.2239,2.69964
intel-lab-mote1,1068,1078000280727,20.2432,38.2239,2.69964
intel-lab-mote1,1069,1078000308364,20.2432,38.258,2.69964
intel-lab-mote1,1070,1078000338141,20.2432,38.258,2.69964
intel-lab-mote1,1071,1078000428132,20.2236,38.3263,2.69964
intel-lab-mote1,1072,1078000457992,20.2236,38.258,2.69964
intel-lab-mote1,1073,1078000488749,20.2236,38.1897,2.69964
intel-lab-mote1,1074,1078000518843,20.2236,38.258,2.69964
intel-lab-mote1,1075,1078000548874,20.2236,38.1213,2.69964
intel-lab-mote1,1076,1078000578497,20.2236,38.2239,2.69964
intel-lab-mote1,1077,1078000638647,20.2236,38.258,2.69964
intel-lab-mote1,1078,1078000668454,20.2236,38.258,2.69964
intel-lab-mote1,1079,1078000730069,20.1942,38.3605,2.69964
intel-lab-mote1,1080,1078000762470,20.1844,38.3946,2.69964
intel-lab-mote1,1081,1078000819061,20.1844,38.3946,2.69964
intel-lab-mote1,1082,1078000849124,20.1844,38.3946,2.69964
intel-lab-mote1,1083,1078000880408,20.1844,38.3946,2.69964
intel-lab-mote1,1084,1078000939920,20.1942,38.3946,2.69964
intel-lab-mote1,1085,1078000970252,20.1746,38.4287,2.69964
intel-lab-mote1,1086,1078001000708,20.1746,38.4629,2.69964
intel-lab-mote1,1087,1078001031412,20.1844,38.4287,2.69964
intel-lab-mote1,1088,1078001061760,20.1942,38.4629,2.69964
intel-lab-mote1,1089,1078001090016,20.1746,38.497,2.69964
intel-lab-mote1,1090,1078001118802,20.1746,38.6675,2.69964
intel-lab-mote1,1091,1078001149124,20.1648,38.6334,2.69964
intel-lab-mote1,1092,1078001180225,20.1648,38.6675,2.69964
intel-lab-mote1,1093,1078001208102,20.155,38.5993,2.69964
intel-lab-mote1,1094,1078001239137,20.155,38.5652,2.69964
intel-lab-mote1,1095,1078001270210,20.1648,38.5311,2.69964
intel-lab-mote1,1096,1078001299183,20.1452,38.4629,2.69964
intel-lab-mote1,1097,1078001390282,20.1452,38.3605,2.69964
intel-lab-mote1,1098,1078001419201,20.1452,38.3946,2.69964
intel-lab-mote1,1099,1078001478361,20.1256,38.4629,2.69964
intel-lab-mote1,1100,1078001510386,20.0962,38.5652,2.69964
intel-lab-mote1,1101,1078001538858,20.106,38.5311,2.69964
intel-lab-mote1,1102,1078001569086,20.0962,38.4629,2.69964
intel-lab-mote1,1103,1078001597863,20.0962,38.4629,2.69964
intel-lab-mote1,1104,1078001629593,20.106,38.5311,2.69964
intel-lab-mote1,1105,1078001660491,20.0962,38.5311,2.69964
intel-lab-mote1,1106,1078001718417,20.0962,38.4629,2.69964
intel-lab-mote1,1107,1078001749456,20.106,38.497,2.69964
intel-lab-mote1,1108,1078001781095,20.0962,38.4629,2.69964
intel-lab-mote1,1109,1078001810116,20.106,38.4629,2.69964
intel-lab-mote1,1110,1078001841252,20.0962,38.4287,2.68742
intel-lab-mote1,1111,1078001868671,20.106,38.3946,2.69964
intel-lab-mote1,1112,1078001959649,20.0864,38.4287,2.69964
intel-lab-mote1,1113,1078002110612,20.0864,38.5311,2.69964
intel-lab-mote1,1114,1078002138073,20.0864,38.497,2.69964
intel-lab-mote1,1115,1078002199979,20.0864,38.5311,2.69964
intel-lab-mote1,1116,1078002231270,20.106,38.5311,2.69964
intel-lab-mote1,1117,1078002289022,20.0864,38.497,2.69964
intel-lab-mote1,1118,1078002379853,20.0864,38.5311,2.69964
intel-lab-mote1,1119,1078002410829,20.0766,38.5311,2.69964
intel-lab-mote1,1120,1078002438446,20.0864,38.5311,2.69964
intel-lab-mote1,1121,1078002472529,20.0766,38.5311,2.69964
intel-lab-mote1,1122,1078002561262,20.0766,38.4629,2.69964
intel-lab-mote1,1123,1078002589197,20.0766,38.4629,2.69964
intel-lab-mote1,1124,1078002619717,20.0766,38.3946,2.69964
intel-lab-mote1,1125,1078002653080,20.0766,38.3946,2.69964
intel-lab-mote1,1126,1078002711747,20.0668,38.3946,2.69964
intel-lab-mote1,1127,1078002740294,20.0668,38.4629,2.69964
intel-lab-mote1,1128,1078002770654,20.0472,38.4629,2.69964
intel-lab-mote1,1129,1078002797917,20.0374,38.3946,2.68742
intel-lab-mote1,1130,1078002861717,20.0374,38.3946,2.69964
intel-lab-mote1,1131,1078003070419,20.008,38.3605,2.69964
intel-lab-mote1,1132,1078003129642,19.9982,38.4287,2.69964
intel-lab-mote1,1133,1078003157935,19.9884,38.4287,2.69964
intel-lab-mote1,1134,1078003249234,19.9884,38.3946,2.69964
intel-lab-mote1,1135,1078003279248,19.9884,38.4287,2.69964
intel-lab-mote1,1136,1078003401460,19.9884,38.4629,2.69964
intel-lab-mote1,1137,1078003429071,19.9884,38.5311,2.69964
intel-lab-mote1,1138,1078003458472,19.9786,38.5311,2.69964
intel-lab-mote1,1139,1078003521068,19.9786,38.5311,2.69964
intel-lab-mote1,1140,1078003641069,19.9492,38.6675,2.69964
intel-lab-mote1,1141,1078003669680,19.959,38.5311,2.69964
intel-lab-mote1,1142,1078003788302,19.9492,38.5311,2.69964
intel-lab-mote1,1143,1078003850066,19.9492,38.5311,2.68742
intel-lab-mote1,1144,1078003908263,19.9394,38.5993,2.69964
intel-lab-mote1,1145,1078003969992,19.9198,38.5652,2.69964
intel-lab-mote1,1146,1078003998411,19.9198,38.5652,2.69964
intel-lab-mote1,1147,1078004028478,19.9002,38.5993,2.69964
intel-lab-mote1,1148,1078004058693,19.91,38.5993,2.69964
intel-lab-mote1,1149,1078004090186,19.91,38.5311,2.69964
intel-lab-mote1,1150,1078004153399,19.9002,38.5652,2.69964
intel-lab-mote1,1151,1078004180897,19.91,38.5652,2.69964
intel-lab-mote1,1152,1078004210656,19.9002,38.5311,2.69964
intel-lab-mote1,1153,1078004329640,19.91,38.497,2.69964
intel-lab-mote1,1154,1078004361023,19.8904,38.5311,2.69964
intel-lab-mote1,1155,1078004480160,19.8806,38.5311,2.69964
intel-lab-mote1,1156,1078004509778,19.8708,38.5993,2.69964
intel-lab-mote1,1157,1078004539239,19.8708,38.5311,2.69964
intel-lab-mote1,1158,1078004568903,19.8806,38.5311,2.69964
intel-lab-mote1,1159,1078004602296,19.8806,38.5311,2.69964
intel-lab-mote1,1160,1078004689954,19.861,38.5311,2.69964
intel-lab-mote1,1161,1078004840662,19.8512,38.7357,2.69964
intel-lab-mote1,1162,1078004902222,19.8316,38.5993,2.69964
intel-lab-mote1,1163,1078004962969,19.812,38.7698,2.69964
intel-lab-mote1,1164,1078004988899,19.812,38.6675,2.68742
intel-lab-mote1,1165,1078005078017,19.7924,38.7357,2.69964
intel-lab-mote1,1166,1078005169763,19.8022,38.6334,2.69964
intel-lab-mote1,1167,1078005198830,19.812,38.6675,2.69964
intel-lab-mote1,1168,1078005260589,19.7924,38.7698,2.69964
intel-lab-mote1,1169,1078005288817,19.7826,38.6675,2.69964
intel-lab-mote1,1170,1078005350117,19.7826,38.5993,2.69964
intel-lab-mote1,1171,1078005381767,19.7924,38.7357,2.69964
intel-lab-mote1,1172,1078005409364,19.7924,38.6675,2.69964
intel-lab-mote1,1173,1078005441576,19.7728,38.6334,2.68742
intel-lab-mote1,1174,1078005471051,19.7728,38.6675,2.69964
intel-lab-mote1,1175,1078005528695,19.763,38.7357,2.69964
intel-lab-mote1,1176,1078005560749,19.763,38.6334,2.68742
intel-lab-mote1,1177,1078005591520,19.7532,38.6675,2.69964
intel-lab-mote1,1178,1078005618456,19.7532,38.6675,2.68742
intel-lab-mote1,1179,1078005649692,19.763,38.6334,2.69964
intel-lab-mote1,1180,1078005680320,19.7728,38.5993,2.69964
intel-lab-mote1,1181,1078005709889,19.7532,38.6675,2.68742
intel-lab-mote1,1182,1078005740375,19.7434,38.6334,2.68742
intel-lab-mote1,1183,1078005798405,19.7434,38.5993,2.68742
intel-lab-mote1,1184,1078005830729,19.7532,38.5993,2.69964
intel-lab-mote1,1185,1078005891829,19.7532,38.5993,2.69964
intel-lab-mote1,1186,1078005979289,19.7336,38.7357,2.68742
intel-lab-mote1,1187,1078006011403,19.7336,38.7016,2.68742
intel-lab-mote1,1188,1078006068813,19.7238,38.7698,2.69964
intel-lab-mote1,1189,1078006099493,19.714,38.7357,2.69964
intel-lab-mote1,1190,1078006131956,19.7042,38.9401,2.69964
intel-lab-mote1,1191,1078006161145,19.714,38.7698,2.69964
intel-lab-mote1,1192,1078006189390,19.7042,38.7698,2.69964
intel-lab-mote1,1193,1078006221258,19.7042,38.7357,2.68742
intel-lab-mote1,1194,1078006281229,19.7042,38.8039,2.68742
intel-lab-mote1,1195,1078006309530,19.714,38.8039,2.69964
intel-lab-mote1,1196,1078006341346,19.7042,38.7357,2.68742
intel-lab-mote1,1197,1078006428349,19.6846,38.7698,2.68742
intel-lab-mote1,1198,1078006461588,19.6748,38.7698,2.68742
intel-lab-mote1,1199,1078006522489,19.6552,38.8039,2.68742
intel-lab-mote1,1200,1078006549198,19.6552,38.7698,2.69964
intel-lab-mote1,1201,1078006578437,19.6552,38.7698,2.69964
intel-lab-mote1,1202,1078006612040,19.6552,38.8039,2.69964
intel-lab-mote1,1203,1078006641096,19.6552,38.7357,2.69964
intel-lab-mote1,1204,1078006700053,19.6454,38.6675,2.68742
intel-lab-mote1,1205,1078006791421,19.6552,38.6675,2.68742
intel-lab-mote1,1206,1078006998175,19.616,38.6675,2.69964
intel-lab-mote1,1207,1078007088364,19.616,38.7357,2.69964
intel-lab-mote1,1208,1078007178866,19.6356,38.7016,2.68742
intel-lab-mote1,1209,1078007209403,19.616,38.6675,2.69964
intel-lab-mote1,1210,1078007268847,19.5964,38.7357,2.68742
intel-lab-mote1,1211,1078007298915,19.6062,38.8039,2.68742
intel-lab-mote1,1212,1078007419052,19.6062,38.8039,2.68742
intel-lab-mote1,1213,1078007628035,19.5964,38.8039,2.69964
intel-lab-mote1,1214,1078007658017,19.5964,38.7698,2.69964
intel-lab-mote1,1215,1078007693940,19.5964,38.7357,2.69964
intel-lab-mote1,1216,1078007748079,19.5768,38.8379,2.68742
intel-lab-mote1,1217,1078007779903,19.5768,38.7698,2.68742
intel-lab-mote1,1218,1078007808561,19.5866,38.7357,2.69964
intel-lab-mote1,1219,1078007900988,19.5768,38.7016,2.69964
intel-lab-mote1,1220,1078007931317,19.5768,38.7357,2.69964
intel-lab-mote1,1221,1078007960069,19.5964,38.7357,2.69964
intel-lab-mote1,1222,1078007989208,19.5768,38.7357,2.68742
intel-lab-mote1,1223,1078008019848,19.5866,38.6675,2.68742
intel-lab-mote1,1224,1078008048639,19.567,38.7357,2.69964
intel-lab-mote1,1225,1078008079477,19.5572,38.7357,2.68742
intel-lab-mote1,1226,1078008108278,19.5572,38.7357,2.68742
intel-lab-mote1,1227,1078008170377,19.5376,38.8039,2.68742
intel-lab-mote1,1228,1078008261096,19.5082,38.8039,2.68742
intel-lab-mote1,1229,1078008290683,19.4886,38.9061,2.68742
intel-lab-mote1,1230,1078008348576,19.4886,38.8039,2.68742
intel-lab-mote1,1231,1078008380433,19.4984,38.8379,2.69964
intel-lab-mote1,1232,1078008438931,19.518,38.872,2.68742
intel-lab-mote1,1233,1078008498915,19.4984,38.9401,2.69964
intel-lab-mote1,1234,1078008530790,19.4984,38.8379,2.69964
intel-lab-mote1,1235,1078008562857,19.5082,38.8039,2.68742
intel-lab-mote1,1236,1078008589638,19.4984,38.8379,2.68742
intel-lab-mote1,1237,1078008618052,19.4984,38.8039,2.68742
intel-lab-mote1,1238,1078008650239,19.5082,38.8379,2.69964
intel-lab-mote1,1239,1078008679476,19.4984,38.8379,2.68742
intel-lab-mote1,1240,1078008709202,19.4984,39.0082,2.69964
intel-lab-mote1,1241,1078008798939,19.4984,39.0082,2.68742
intel-lab-mote1,1242,1078008861709,19.4984,38.872,2.68742
intel-lab-mote1,1243,1078008889289,19.469,38.9401,2.68742
intel-lab-mote1,1244,1078009009656,19.4592,38.872,2.69964
intel-lab-mote1,1245,1078009069917,19.469,38.9401,2.69964
intel-lab-mote1,1246,1078009100965,19.469,38.9401,2.69964
intel-lab-mote1,1247,1078009190493,19.4984,38.8039,2.68742
intel-lab-mote1,1248,1078009281064,19.4886,38.8039,2.68742
intel-lab-mote1,1249,1078009309437,19.4788,38.8039,2.69964
intel-lab-mote1,1250,1078009399858,19.469,38.8039,2.69964
intel-lab-mote1,1251,1078009431603,19.4886,38.7357,2.68742
intel-lab-mote1,1252,1078009549773,19.4592,38.6675,2.68742
intel-lab-mote1,1253,1078009608568,19.4592,38.7357,2.68742
intel-lab-mote1,1254,1078009638091,19.469,38.7357,2.68742
intel-lab-mote1,1255,1078009674012,19.4592,38.7357,2.68742
intel-lab-mote1,1256,1078009730529,19.4494,38.8039,2.69964
intel-lab-mote1,1257,1078009758106,19.4494,38.7357,2.69964
intel-lab-mote1,1258,1078009971230,19.42,38.8039,2.68742
intel-lab-mote1,1259,1078010003199,19.4396,38.7698,2.69964
intel-lab-mote1,1260,1078010031539,19.4396,38.9061,2.68742
intel-lab-mote1,1261,1078010059647,19.4396,38.9401,2.68742
intel-lab-mote1,1262,1078010088209,19.4396,38.872,2.68742
intel-lab-mote1,1263,1078010122420,19.4102,38.9401,2.68742
intel-lab-mote1,1264,1078010212193,19.4102,38.872,2.68742
intel-lab-mote1,1265,1078010271320,19.4004,38.9401,2.68742
intel-lab-mote1,1266,1078010300426,19.42,38.9061,2.68742
intel-lab-mote1,1267,1078010330310,19.4004,38.872,2.68742
intel-lab-mote1,1268,1078010363854,19.4004,38.872,2.68742
intel-lab-mote1,1269,1078010390910,19.4004,38.9061,2.69964
intel-lab-mote1,1270,1078010420940,19.42,38.8039,2.68742
intel-lab-mote1,1271,1078010454331,19.4004,38.872,2.68742
intel-lab-mote1,1272,1078010479152,19.4004,38.8039,2.68742
intel-lab-mote1,1273,1078010509813,19.4102,38.8039,2.68742
intel-lab-mote1,1274,1078010569386,19.3808,38.8379,2.68742
intel-lab-mote1,1275,1078010631312,19.3808,38.8039,2.68742
intel-lab-mote1,1276,1078010688401,19.3808,38.8039,2.68742
intel-lab-mote1,1277,1078010750896,19.3808,38.7698,2.68742
intel-lab-mote1,1278,1078010810569,19.3906,38.7357,2.67532
intel-lab-mote1,1279,1078011018587,19.3612,38.8379,2.68742
intel-lab-mote1,1280,1078011052605,19.3514,38.872,2.69964
intel-lab-mote1,1281,1078011113366,19.3514,38.8039,2.69964
intel-lab-mote1,1282,1078011198432,19.3416,38.872,2.68742
intel-lab-mote1,1283,1078011291251,19.322,39.0082,2.69964
intel-lab-mote1,1284,1078011321171,19.322,39.0082,2.68742
intel-lab-mote1,1285,1078011352823,19.3024,39.0763,2.68742
intel-lab-mote1,1286,1078011380956,19.3024,39.1103,2.68742
intel-lab-mote1,1287,1078011411537,19.3122,39.0082,2.68742
intel-lab-mote1,1288,1078011439509,19.3024,39.0082,2.69964
intel-lab-mote1,1289,1078011471406,19.3024,39.0082,2.68742
intel-lab-mote1,1290,1078011498304,19.3024,39.0422,2.69964
intel-lab-mote1,1291,1078011560149,19.3122,39.0082,2.68742
intel-lab-mote1,1292,1078011739130,19.3024,38.9401,2.68742
intel-lab-mote1,1293,1078011768189,19.3024,38.9742,2.68742
intel-lab-mote1,1294,1078011799137,19.3024,38.9742,2.68742
intel-lab-mote1,1295,1078011831799,19.2926,38.9061,2.68742
intel-lab-mote1,1296,1078011858409,19.273,38.9061,2.68742
intel-lab-mote1,1297,1078011891275,19.2828,38.872,2.68742
intel-lab-mote1,1298,1078011951852,19.273,38.872,2.69964
intel-lab-mote1,1299,1078011980725,19.273,38.872,2.68742
intel-lab-mote1,1300,1078012013849,19.2632,38.872,2.68742
intel-lab-mote1,1301,1078012039026,19.273,38.872,2.68742
intel-lab-mote1,1302,1078012070830,19.273,38.8039,2.69964
intel-lab-mote1,1303,1078012130689,19.2632,38.8379,2.68742
intel-lab-mote1,1304,1078012160142,19.2632,38.872,2.69964
intel-lab-mote1,1305,1078012218082,19.2436,38.9061,2.69964
intel-lab-mote1,1306,1078012315101,19.2142,38.9401,2.68742
intel-lab-mote1,1307,1078012343336,19.224,38.872,2.68742
intel-lab-mote1,1308,1078012368672,19.224,38.9401,2.68742
intel-lab-mote1,1309,1078012400032,19.2338,39.0082,2.68742
intel-lab-mote1,1310,1078012431169,19.2338,38.9401,2.67532
intel-lab-mote1,1311,1078012458810,19.224,39.0763,2.68742
intel-lab-mote1,1312,1078012489091,19.224,39.0082,2.68742
intel-lab-mote1,1313,1078012581151,19.2142,39.0763,2.69964
intel-lab-mote1,1314,1078012610950,19.2044,39.0763,2.68742
intel-lab-mote1,1315,1078012670602,19.224,39.0763,2.68742
intel-lab-mote1,1316,1078012728274,19.2142,39.0422,2.68742
intel-lab-mote1,1317,1078012758261,19.224,39.0082,2.68742
intel-lab-mote1,1318,1078012879013,19.2436,38.9742,2.68742
intel-lab-mote1,1319,1078012969251,19.224,38.9401,2.68742
intel-lab-mote1,1320,1078013001103,19.2142,38.9401,2.68742
intel-lab-mote1,1321,1078013064171,19.1848,38.9401,2.68742
intel-lab-mote1,1322,1078013120808,19.1946,38.9401,2.68742
intel-lab-mote1,1323,1078013179089,19.175,38.9061,2.68742
intel-lab-mote1,1324,1078013209343,19.1848,38.9401,2.68742
intel-lab-mote1,1325,1078013270334,19.1848,38.9401,2.68742
intel-lab-mote1,1326,1078013300092,19.175,38.9401,2.68742
intel-lab-mote1,1327,1078013388270,19.1554,39.0082,2.68742
intel-lab-mote1,1328,1078013420910,19.1554,38.9401,2.68742
intel-lab-mote1,1329,1078013541511,19.126,39.0082,2.68742
intel-lab-mote1,1330,1078013571336,19.1456,38.9061,2.68742
intel-lab-mote1,1331,1078013599573,19.126,38.9401,2.68742
intel-lab-mote1,1332,1078013692617,19.1358,39.0422,2.68742
intel-lab-mote1,1333,1078013720786,19.1358,39.1443,2.68742
intel-lab-mote1,1334,1078013749114,19.1162,39.0763,2.68742
intel-lab-mote1,1335,1078013779335,19.1064,39.1443,2.68742
intel-lab-mote1,1336,1078013810013,19.1162,39.1443,2.68742
intel-lab-mote1,1337,1078013841567,19.1162,39.1443,2.68742
intel-lab-mote1,1338,1078013869611,19.1064,39.1783,2.68742
intel-lab-mote1,1339,1078013900599,19.1064,39.1103,2.68742
intel-lab-mote1,1340,1078013929560,19.1064,39.0763,2.68742
intel-lab-mote1,1341,1078014019348,19.126,39.1443,2.68742
intel-lab-mote1,1342,1078014049023,19.1162,39.1783,2.68742
intel-lab-mote1,1343,1078014083811,19.1064,39.1103,2.68742
intel-lab-mote1,1344,1078014110677,19.1064,39.1443,2.68742
intel-lab-mote1,1345,1078014170960,19.1064,39.1443,2.68742
intel-lab-mote1,1346,1078014200072,19.1064,39.0763,2.68742
intel-lab-mote1,1347,1078014233059,19.0868,39.0763,2.68742
intel-lab-mote1,1348,1078014262102,19.0868,39.1443,2.68742
intel-lab-mote1,1349,1078014289043,19.077,39.0763,2.68742
intel-lab-mote1,1350,1078014351575,19.0868,39.0763,2.68742
intel-lab-mote1,1351,1078014381826,19.077,39.0082,2.68742
intel-lab-mote1,1352,1078014470439,19.077,39.0422,2.68742
intel-lab-mote1,1353,1078014498190,19.0868,39.0422,2.68742
intel-lab-mote1,1354,1078014560262,19.0868,39.0082,2.68742
intel-lab-mote1,1355,1078014593137,19.0672,38.9401,2.68742
intel-lab-mote1,1356,1078014622748,19.0574,39.0082,2.68742
intel-lab-mote1,1357,1078014681675,19.0672,38.9742,2.68742
intel-lab-mote1,1358,1078014771313,19.0574,39.0082,2.68742
intel-lab-mote1,1359,1078014830271,19.0574,39.0082,2.68742
intel-lab-mote1,1360,1078014858235,19.0574,38.9401,2.68742
intel-lab-mote1,1361,1078014922379,19.0476,38.9742,2.68742
intel-lab-mote1,1362,1078014948203,19.028,39.0763,2.68742
intel-lab-mote1,1363,1078014983496,19.028,39.1443,2.68742
intel-lab-mote1,1364,1078015008206,19.0182,39.1443,2.68742
intel-lab-mote1,1365,1078015128704,19.028,39.1783,2.68742
intel-lab-mote1,1366,1078015159623,19.028,39.1443,2.68742
intel-lab-mote1,1367,1078015253595,19.028,39.1783,2.68742
intel-lab-mote1,1368,1078015279231,19.028,39.1783,2.67532
intel-lab-mote1,1369,1078015312728,19.0084,39.1443,2.68742
intel-lab-mote1,1370,1078015343369,19.0084,39.0763,2.68742
intel-lab-mote1,1371,1078015548761,18.979,39.1443,2.67532
intel-lab-mote1,1372,1078015579570,18.9692,39.1443,2.68742
intel-lab-mote1,1373,1078015701490,18.9496,39.1443,2.68742
intel-lab-mote1,1374,1078015971273,18.9398,39.1103,2.67532
intel-lab-mote1,1375,1078016003999,18.93,39.1103,2.67532
intel-lab-mote1,1376,1078016059818,18.93,39.2123,2.68742
intel-lab-mote1,1377,1078016090134,18.9104,39.2463,2.68742
intel-lab-mote1,1378,1078016118378,18.9006,39.2463,2.68742
intel-lab-mote1,1379,1078016148582,18.8908,39.3143,2.68742
intel-lab-mote1,1380,1078016180302,18.8908,39.2463,2.68742
intel-lab-mote1,1381,1078016211413,18.881,39.3143,2.68742
intel-lab-mote1,1382,1078016269713,18.8516,39.4502,2.68742
intel-lab-mote1,1383,1078016361292,18.8614,39.4162,2.68742
intel-lab-mote1,1384,1078016388268,18.8516,39.4162,2.68742
intel-lab-mote1,1385,1078016420905,18.8516,39.4162,2.68742
intel-lab-mote1,1386,1078016448346,18.8614,39.4162,2.68742
intel-lab-mote1,1387,1078016479180,18.8712,39.4162,2.67532
intel-lab-mote1,1388,1078016513023,18.8614,39.3483,2.67532
intel-lab-mote1,1389,1078016538276,18.8516,39.4162,2.68742
intel-lab-mote1,1390,1078016599472,18.8516,39.4162,2.68742
intel-lab-mote1,1391,1078016631683,18.8418,39.4842,2.68742
intel-lab-mote1,1392,1078016660901,18.832,39.4502,2.68742
intel-lab-mote1,1393,1078016693224,18.8418,39.4842,2.68742
intel-lab-mote1,1394,1078016750634,18.8124,39.4502,2.68742
intel-lab-mote1,1395,1078016778292,18.8124,39.4502,2.68742
intel-lab-mote1,1396,1078016841720,18.8222,39.3483,2.68742
intel-lab-mote1,1397,1078016902301,18.8124,39.4162,2.67532
intel-lab-mote1,1398,1078016929137,18.7928,39.4502,2.67532
intel-lab-mote1,1399,1078017019450,18.8026,39.3483,2.68742
intel-lab-mote1,1400,1078017108303,18.8026,39.3483,2.68742
intel-lab-mote1,1401,1078017141805,18.8124,39.3483,2.67532
intel-lab-mote1,1402,1078017198305,18.8026,39.3483,2.68742
intel-lab-mote1,1403,1078017348824,18.7928,39.3483,2.68742
intel-lab-mote1,1404,1078017382461,18.783,39.4162,2.69964
intel-lab-mote1,1405,1078017413949,18.7732,39.4842,2.68742
intel-lab-mote1,1406,1078017439092,18.7732,39.4842,2.68742
intel-lab-mote1,1407,1078017468876,18.7536,39.4842,2.68742
intel-lab-mote1,1408,1078017528723,18.7634,39.5521,2.67532
intel-lab-mote1,1409,1078017562380,18.7438,39.586,2.68742
intel-lab-mote1,1410,1078017591412,18.7438,39.5521,2.67532
intel-lab-mote1,1411,1078017623148,18.734,39.586,2.67532
intel-lab-mote1,1412,1078017653207,18.7438,39.5521,2.67532
intel-lab-mote1,1413,1078017678835,18.734,39.586,2.67532
intel-lab-mote1,1414,1078017738430,18.7242,39.62,2.68742
intel-lab-mote1,1415,1078017919759,18.7144,39.62,2.68742
intel-lab-mote1,1416,1078017979774,18.6948,39.6539,2.68742
intel-lab-mote1,1417,1078018042251,18.685,39.6539,2.68742
intel-lab-mote1,1418,1078018071111,18.6752,39.6878,2.67532
intel-lab-mote1,1419,1078018163169,18.6752,39.62,2.68742
intel-lab-mote1,1420,1078018193660,18.6752,39.62,2.68742
intel-lab-mote1,1421,1078018223249,18.685,39.62,2.67532
intel-lab-mote1,1422,1078018312451,18.6752,39.586,2.67532
intel-lab-mote1,1423,1078018341024,18.6752,39.5521,2.67532
intel-lab-mote1,1424,1078018368575,18.685,39.586,2.68742
intel-lab-mote1,1425,1078018399993,18.685,39.5521,2.67532
intel-lab-mote1,1426,1078018493346,18.6556,39.62,2.68742
intel-lab-mote1,1427,1078018549310,18.636,39.6539,2.68742
intel-lab-mote1,1428,1078018610770,18.636,39.7217,2.67532
intel-lab-mote1,1429,1078018699155,18.6458,39.6878,2.67532
intel-lab-mote1,1430,1078018733396,18.636,39.7557,2.67532
intel-lab-mote1,1431,1078018758460,18.636,39.7557,2.68742
intel-lab-mote1,1432,1078018789275,18.636,39.8235,2.68742
intel-lab-mote1,1433,1078018820409,18.6262,39.7896,2.68742
intel-lab-mote1,1434,1078018853223,18.636,39.8574,2.68742
intel-lab-mote1,1435,1078018909665,18.6066,39.8913,2.68742
intel-lab-mote1,1436,1078019059299,18.6164,39.8913,2.67532
intel-lab-mote1,1437,1078019119818,18.6262,39.8235,2.68742
intel-lab-mote1,1438,1078019238402,18.587,39.8235,2.67532
intel-lab-mote1,1439,1078019298404,18.5772,39.8235,2.67532
intel-lab-mote1,1440,1078019360931,18.5772,39.8913,2.67532
intel-lab-mote1,1441,1078019389811,18.587,39.8235,2.67532
intel-lab-mote1,1442,1078019482385,18.5772,39.8574,2.68742
intel-lab-mote1,1443,1078019510946,18.587,39.7557,2.67532
intel-lab-mote1,1444,1078019538412,18.5772,39.7896,2.67532
intel-lab-mote1,1445,1078019572524,18.5772,39.8235,2.67532
intel-lab-mote1,1446,1078019602939,18.5772,39.8235,2.67532
intel-lab-mote1,1447,1078019688857,18.5576,39.8913,2.68742
intel-lab-mote1,1448,1078019721128,18.5576,39.8913,2.67532
intel-lab-mote1,1449,1078019809922,18.5478,39.9252,2.68742
intel-lab-mote1,1450,1078019869289,18.538,39.8913,2.68742
intel-lab-mote1,1451,1078019901084,18.5282,39.9929,2.68742
intel-lab-mote1,1452,1078020049424,18.5184,40.0268,2.67532
intel-lab-mote1,1453,1078020081414,18.5086,40.0945,2.67532
intel-lab-mote1,1454,1078020109891,18.5184,40.1284,2.67532
intel-lab-mote1,1455,1078020171554,18.5086,40.1284,2.67532
intel-lab-mote1,1456,1078020259923,18.5086,40.0945,2.68742
intel-lab-mote1,1457,1078020288812,18.4988,40.1622,2.66332
intel-lab-mote1,1458,1078020350830,18.4988,40.0945,2.67532
intel-lab-mote1,1459,1078020379574,18.5184,40.0945,2.67532
intel-lab-mote1,1460,1078020410322,18.4988,40.0945,2.67532
intel-lab-mote1,1461,1078020440695,18.4988,40.0945,2.67532
intel-lab-mote1,1462,1078020474577,18.5184,40.0945,2.67532
intel-lab-mote1,1463,1078020502279,18.4988,40.0607,2.68742
intel-lab-mote1,1464,1078020535178,18.4988,40.0945,2.67532
intel-lab-mote1,1465,1078020561105,18.489,40.0945,2.67532
intel-lab-mote1,1466,1078020620713,18.489,40.0945,2.67532
intel-lab-mote1,1467,1078020648880,18.4792,40.0607,2.67532
intel-lab-mote1,1468,1078020678338,18.489,40.0607,2.67532
intel-lab-mote1,1469,1078020708846,18.4792,40.0268,2.67532
intel-lab-mote1,1470,1078020740103,18.4792,40.0268,2.67532
intel-lab-mote1,1471,1078020768338,18.4694,40.0607,2.67532
intel-lab-mote1,1472,1078020801287,18.4792,40.0945,2.68742
intel-lab-mote1,1473,1078020833109,18.4596,40.0268,2.67532
intel-lab-mote1,1474,1078020890011,18.44,40.1284,2.67532
intel-lab-mote1,1475,1078020949395,18.4302,40.1622,2.67532
intel-lab-mote1,1476,1078021012052,18.4302,40.0945,2.67532
intel-lab-mote1,1477,1078021038869,18.44,40.2299,2.67532
intel-lab-mote1,1478,1078021070943,18.4498,40.1622,2.67532
intel-lab-mote1,1479,1078021132339,18.44,40.2299,2.68742
intel-lab-mote1,1480,1078021188498,18.4302,40.1961,2.67532
intel-lab-mote1,1481,1078021220509,18.4498,40.2638,2.67532
intel-lab-mote1,1482,1078021279461,18.44,40.2976,2.67532
intel-lab-mote1,1483,1078021310467,18.4498,40.2299,2.67532
intel-lab-mote1,1484,1078021339459,18.44,40.2976,2.67532
intel-lab-mote1,1485,1078021368830,18.44,40.2976,2.67532
intel-lab-mote1,1486,1078021402818,18.4302,40.2299,2.67532
intel-lab-mote1,1487,1078021460795,18.4302,40.2299,2.67532
intel-lab-mote1,1488,1078021488378,18.44,40.2299,2.67532
intel-lab-mote1,1489,1078021520474,18.4302,40.2299,2.67532
intel-lab-mote1,1490,1078021551791,18.4204,40.2299,2.67532
intel-lab-mote1,1491,1078021579962,18.4204,40.2299,2.67532
intel-lab-mote1,1492,1078021639907,18.4204,40.2638,2.67532
intel-lab-mote1,1493,1078021669297,18.4106,40.2299,2.67532
intel-lab-mote1,1494,1078021701136,18.4106,40.2299,2.67532
intel-lab-mote1,1495,1078021729412,18.4106,40.2299,2.67532
intel-lab-mote1,1496,1078021761742,18.4106,40.2299,2.67532
intel-lab-mote1,1497,1078021789521,18.4008,40.2299,2.67532
intel-lab-mote1,1498,1078021822172,18.3812,40.2638,2.67532
intel-lab-mote1,1499,1078021849691,18.3812,40.2299,2.67532
intel-lab-mote1,1500,1078021880662,18.3714,40.2299,2.67532
intel-lab-mote1,1501,1078021913456,18.3616,40.2638,2.67532
intel-lab-mote1,1502,1078021942636,18.3616,40.2638,2.67532
intel-lab-mote1,1503,1078021968939,18.342,40.2976,2.67532
intel-lab-mote1,1504,1078022001471,18.342,40.2976,2.67532
intel-lab-mote1,1505,1078022029710,18.342,40.3652,2.67532
intel-lab-mote1,1506,1078022061373,18.3224,40.3652,2.68742
intel-lab-mote1,1507,1078022120542,18.342,40.3314,2.67532
intel-lab-mote1,1508,1078022150696,18.3322,40.2976,2.67532
intel-lab-mote1,1509,1078022181995,18.342,40.3314,2.67532
intel-lab-mote1,1510,1078022241687,18.3322,40.4328,2.67532
intel-lab-mote1,1511,1078022272145,18.3028,40.4666,2.67532
intel-lab-mote1,1512,1078022301131,18.3126,40.4666,2.67532
intel-lab-mote1,1513,1078022331711,18.3028,40.4328,2.67532
intel-lab-mote1,1514,1078022358294,18.3322,40.399,2.67532
intel-lab-mote1,1515,1078022388295,18.3224,40.4328,2.68742
intel-lab-mote1,1516,1078022418298,18.3322,40.4328,2.67532
intel-lab-mote1,1517,1078022448294,18.3126,40.5004,2.67532
intel-lab-mote1,1518,1078022478305,18.3224,40.568,2.67532
intel-lab-mote1,1519,1078022513689,18.3028,40.5342,2.67532
intel-lab-mote1,1520,1078022538687,18.293,40.568,2.67532
intel-lab-mote1,1521,1078022568451,18.3028,40.568,2.67532
intel-lab-mote1,1522,1078022599186,18.293,40.568,2.67532
intel-lab-mote1,1523,1078022661499,18.2832,40.5342,2.67532
intel-lab-mote1,1524,1078022692420,18.293,40.568,2.67532
intel-lab-mote1,1525,1078022720724,18.2832,40.568,2.67532
intel-lab-mote1,1526,1078022749062,18.2734,40.568,2.67532
intel-lab-mote1,1527,1078022839009,18.2636,40.568,2.67532
intel-lab-mote1,1528,1078022871786,18.2636,40.568,2.68742
intel-lab-mote1,1529,1078022959771,18.2636,40.568,2.67532
intel-lab-mote1,1530,1078022989208,18.2538,40.568,2.67532
intel-lab-mote1,1531,1078023021660,18.244,40.568,2.67532
intel-lab-mote1,1532,1078023173387,18.2538,40.5004,2.67532
intel-lab-mote1,1533,1078023288467,18.2342,40.6355,2.67532
intel-lab-mote1,1534,1078023319353,18.2244,40.6693,2.67532
intel-lab-mote1,1535,1078023348657,18.2342,40.568,2.67532
intel-lab-mote1,1536,1078023469067,18.2244,40.7368,2.67532
intel-lab-mote1,1537,1078023530543,18.2244,40.7706,2.67532
intel-lab-mote1,1538,1078023592133,18.2244,40.7368,2.67532
intel-lab-mote1,1539,1078023618513,18.2244,40.7031,2.67532
intel-lab-mote1,1540,1078023650312,18.244,40.7706,2.67532
intel-lab-mote1,1541,1078023678476,18.244,40.7368,2.67532
intel-lab-mote1,1542,1078023712557,18.244,40.7031,2.67532
intel-lab-mote1,1543,1078023739358,18.244,40.7706,2.67532
intel-lab-mote1,1544,1078023773217,18.244,40.7706,2.67532
intel-lab-mote1,1545,1078023829563,18.2244,40.7706,2.67532
intel-lab-mote1,1546,1078023918484,18.2146,40.7706,2.67532
intel-lab-mote1,1547,1078023948589,18.2048,40.8043,2.67532
intel-lab-mote1,1548,1078024039094,18.1852,40.8043,2.67532
intel-lab-mote1,1549,1078024132281,18.1754,40.7706,2.67532
intel-lab-mote1,1550,1078024164312,18.1656,40.8381,2.67532
intel-lab-mote1,1551,1078024220881,18.1754,40.8043,2.67532
intel-lab-mote1,1552,1078024278500,18.1656,40.8043,2.67532
intel-lab-mote1,1553,1078024310635,18.1558,40.9055,2.67532
intel-lab-mote1,1554,1078024340796,18.1558,40.8381,2.68742
intel-lab-mote1,1555,1078024400310,18.1656,40.8718,2.67532
intel-lab-mote1,1556,1078024430054,18.1656,40.8718,2.67532
intel-lab-mote1,1557,1078024463560,18.1558,40.8043,2.67532
intel-lab-mote1,1558,1078024553533,18.1558,40.9055,2.67532
intel-lab-mote1,1559,1078024585514,18.1558,40.9392,2.67532
intel-lab-mote1,1560,1078024669732,18.146,40.973,2.67532
intel-lab-mote1,1561,1078024699081,18.146,41.0404,2.67532
intel-lab-mote1,1562,1078024762470,18.146,40.9392,2.67532
intel-lab-mote1,1563,1078024793016,18.1754,40.973,2.67532
intel-lab-mote1,1564,1078024850286,18.1852,40.973,2.67532
intel-lab-mote1,1565,1078024913987,18.1558,41.0404,2.67532
intel-lab-mote1,1566,1078025030253,18.1558,40.973,2.67532
intel-lab-mote1,1567,1078025089676,18.1558,40.973,2.67532
intel-lab-mote1,1568,1078025150616,18.146,40.9392,2.67532
intel-lab-mote1,1569,1078025180639,18.1558,40.9055,2.67532
intel-lab-mote1,1570,1078025212401,18.146,40.973,2.67532
intel-lab-mote1,1571,1078025243891,18.146,40.973,2.67532
intel-lab-mote1,1572,1078025299054,18.1362,40.8718,2.67532
intel-lab-mote1,1573,1078025330710,18.146,40.973,2.67532
intel-lab-mote1,1574,1078025360243,18.146,40.9392,2.67532
intel-lab-mote1,1575,1078025390004,18.1362,40.8381,2.67532
intel-lab-mote1,1576,1078025420059,18.1264,40.8718,2.67532
intel-lab-mote1,1577,1078025450920,18.1264,40.8381,2.67532
intel-lab-mote1,1578,1078025480167,18.1362,40.8381,2.68742
intel-lab-mote1,1579,1078025508420,18.1264,40.9055,2.67532
intel-lab-mote1,1580,1078025540677,18.1264,40.8718,2.67532
intel-lab-mote1,1581,1078025604695,18.1166,40.9392,2.67532
intel-lab-mote1,1582,1078025632073,18.1068,41.0067,2.67532
intel-lab-mote1,1583,1078025661801,18.1068,40.9392,2.67532
intel-lab-mote1,1584,1078025691831,18.097,40.973,2.67532
intel-lab-mote1,1585,1078025721043,18.1068,41.1078,2.66332
intel-lab-mote1,1586,1078025748594,18.097,41.0741,2.67532
intel-lab-mote1,1587,1078025779076,18.097,41.0404,2.67532
intel-lab-mote1,1588,1078025816457,18.097,41.0404,2.67532
intel-lab-mote1,1589,1078025843897,18.1068,40.973,2.67532
intel-lab-mote1,1590,1078025899119,18.1068,41.1078,2.67532
intel-lab-mote1,1591,1078026079388,18.0872,41.1078,2.67532
intel-lab-mote1,1592,1078026140884,18.0872,41.1414,2.67532
intel-lab-mote1,1593,1078026169333,18.0774,41.1078,2.67532
intel-lab-mote1,1594,1078026234748,18.0872,41.1751,2.67532
intel-lab-mote1,1595,1078026258621,18.0676,41.1414,2.67532
intel-lab-mote1,1596,1078026290325,18.0676,41.1751,2.66332
intel-lab-mote1,1597,1078026320084,18.0676,41.1078,2.67532
intel-lab-mote1,1598,1078026351959,18.0578,41.1414,2.67532
intel-lab-mote1,1599,1078026378490,18.0676,41.1078,2.67532
intel-lab-mote1,1600,1078026531366,17.999,41.2425,2.67532
intel-lab-mote1,1601,1078026559868,17.999,41.2761,2.67532
intel-lab-mote1,1602,1078026621299,18.0088,41.2761,2.67532
intel-lab-mote1,1603,1078026653890,18.0088,41.2761,2.67532
intel-lab-mote1,1604,1078026679684,17.999,41.2425,2.67532
intel-lab-mote1,1605,1078026770059,18.0186,41.1078,2.67532
intel-lab-mote1,1606,1078026802538,18.0284,41.2761,2.67532
intel-lab-mote1,1607,1078026829274,18.0088,41.2425,2.67532
intel-lab-mote1,1608,1078026890295,18.0088,41.3771,2.67532
intel-lab-mote1,1609,1078026920274,18.0284,41.3771,2.66332
intel-lab-mote1,1610,1078026952588,18.0186,41.3098,2.67532
intel-lab-mote1,1611,1078026979009,18.0284,41.2425,2.67532
intel-lab-mote1,1612,1078027039641,18.0284,41.3435,2.67532
intel-lab-mote1,1613,1078027072622,18.0284,41.3771,2.67532
intel-lab-mote1,1614,1078027133404,18.0284,41.3771,2.67532
intel-lab-mote1,1615,1078027191457,18.0284,41.4444,2.66332
intel-lab-mote1,1616,1078027223055,18.0186,41.3771,2.67532
intel-lab-mote1,1617,1078027252116,18.0186,41.4444,2.67532
intel-lab-mote1,1618,1078027279597,18.0186,41.3771,2.67532
intel-lab-mote1,1619,1078027312443,18.0088,41.4108,2.67532
intel-lab-mote1,1620,1078027342554,18.0088,41.4108,2.67532
intel-lab-mote1,1621,1078027430724,18.0088,41.4444,2.67532
intel-lab-mote1,1622,1078027524518,18.0088,41.3771,2.66332
intel-lab-mote1,1623,1078027580243,17.9892,41.3771,2.67532
intel-lab-mote1,1624,1078027609122,17.9892,41.3435,2.67532
intel-lab-mote1,1625,1078027641954,17.9892,41.3771,2.67532
intel-lab-mote1,1626,1078027674300,17.9794,41.3098,2.67532
intel-lab-mote1,1627,1078027701361,18.0088,41.3771,2.67532
intel-lab-mote1,1628,1078027728530,17.9892,41.3771,2.67532
intel-lab-mote1,1629,1078027764746,17.9892,41.3098,2.67532
intel-lab-mote1,1630,1078027820389,17.9794,41.478,2.67532
intel-lab-mote1,1631,1078027850830,17.9696,41.3771,2.67532
intel-lab-mote1,1632,1078027908530,17.95,41.4444,2.67532
intel-lab-mote1,1633,1078027943904,17.95,41.4444,2.66332
intel-lab-mote1,1634,1078027974353,17.9598,41.4444,2.67532
intel-lab-mote1,1635,1078028030157,17.9696,41.5789,2.67532
intel-lab-mote1,1636,1078028063146,17.9696,41.6125,2.67532
intel-lab-mote1,1637,1078028154706,17.9304,41.7133,2.67532
intel-lab-mote1,1638,1078028178546,17.9304,41.6461,2.67532
intel-lab-mote1,1639,1078028298548,17.95,41.7133,2.67532
intel-lab-mote1,1640,1078028328553,17.9304,41.6461,2.67532
intel-lab-mote1,1641,1078028362673,17.9304,41.7133,2.67532
intel-lab-mote1,1642,1078028419669,17.9598,41.6797,2.67532
intel-lab-mote1,1643,1078028515604,17.9304,41.6461,2.67532
intel-lab-mote1,1644,1078028538560,17.95,41.6461,2.67532
intel-lab-mote1,1645,1078028598558,17.9402,41.6461,2.66332
intel-lab-mote1,1646,1078028659206,17.9304,41.6461,2.67532
intel-lab-mote1,1647,1078028751459,17.9304,41.5789,2.67532
intel-lab-mote1,1648,1078028780402,17.9304,41.5789,2.66332
intel-lab-mote1,1649,1078028812803,17.9206,41.6797,2.67532
intel-lab-mote1,1650,1078028838594,17.9206,41.6461,2.67532
intel-lab-mote1,1651,1078028871481,17.9108,41.6125,2.67532
intel-lab-mote1,1652,1078028898624,17.901,41.6125,2.67532
intel-lab-mote1,1653,1078028961554,17.8814,41.6461,2.67532
intel-lab-mote1,1654,1078028991645,17.8716,41.7805,2.66332
intel-lab-mote1,1655,1078029081242,17.8814,41.8476,2.66332
intel-lab-mote1,1656,1078029139717,17.8716,41.8476,2.66332
intel-lab-mote1,1657,1078029168590,17.8716,41.9147,2.67532
intel-lab-mote1,1658,1078029199782,17.8716,41.9147,2.66332
intel-lab-mote1,1659,1078029262189,17.8814,41.8812,2.67532
intel-lab-mote1,1660,1078029293937,17.8716,41.9147,2.67532
intel-lab-mote1,1661,1078029319298,17.8814,41.8812,2.67532
intel-lab-mote1,1662,1078029379823,17.8814,41.9147,2.66332
intel-lab-mote1,1663,1078029500888,17.8716,41.9147,2.66332
intel-lab-mote1,1664,1078029531951,17.8716,41.9147,2.67532
intel-lab-mote1,1665,1078029591119,17.8716,41.9818,2.67532
intel-lab-mote1,1666,1078029624929,17.8716,41.9818,2.67532
intel-lab-mote1,1667,1078029681351,17.8716,41.9818,2.67532
intel-lab-mote1,1668,1078029713054,17.8814,41.9147,2.67532
intel-lab-mote1,1669,1078029739903,17.8716,41.8812,2.66332
intel-lab-mote1,1670,1078029769337,17.852,41.9147,2.67532
intel-lab-mote1,1671,1078029802727,17.8716,41.9147,2.67532
intel-lab-mote1,1672,1078029920342,17.852,41.8476,2.66332
intel-lab-mote1,1673,1078029949822,17.8618,41.9147,2.67532
intel-lab-mote1,1674,1078029983999,17.852,41.9483,2.67532
intel-lab-mote1,1675,1078030040345,17.852,41.8476,2.66332
intel-lab-mote1,1676,1078030073315,17.852,41.814,2.66332
intel-lab-mote1,1677,1078030133059,17.8422,41.8476,2.67532
intel-lab-mote1,1678,1078030163105,17.8324,41.9818,2.67532
intel-lab-mote1,1679,1078030251476,17.8128,42.116,2.66332
intel-lab-mote1,1680,1078030279634,17.8226,42.0489,2.67532
intel-lab-mote1,1681,1078030315855,17.8128,42.1495,2.66332
intel-lab-mote1,1682,1078030340425,17.8128,42.0489,2.66332
intel-lab-mote1,1683,1078030400983,17.8226,42.116,2.67532
intel-lab-mote1,1684,1078030462351,17.8128,42.0489,2.65143
intel-lab-mote1,1685,1078030491936,17.8324,42.116,2.67532
intel-lab-mote1,1686,1078030585150,17.8324,42.183,2.67532
intel-lab-mote1,1687,1078030669790,17.8324,42.0824,2.66332
intel-lab-mote1,1688,1078030734415,17.8324,42.116,2.66332
intel-lab-mote1,1689,1078030763990,17.8128,42.116,2.67532
intel-lab-mote1,1690,1078030853274,17.803,42.183,2.67532
intel-lab-mote1,1691,1078030885356,17.8128,42.0824,2.67532
intel-lab-mote1,1692,1078030912781,17.8128,42.0489,2.66332
intel-lab-mote1,1693,1078030943602,17.803,42.116,2.66332
intel-lab-mote1,1694,1078030969166,17.803,42.116,2.66332
intel-lab-mote1,1695,1078031029692,17.803,42.0154,2.66332
intel-lab-mote1,1696,1078031061566,17.7932,42.116,2.67532
intel-lab-mote1,1697,1078031122208,17.7834,42.116,2.67532
intel-lab-mote1,1698,1078031149763,17.7736,42.0489,2.66332
intel-lab-mote1,1699,1078031179788,17.7736,42.1495,2.66332
intel-lab-mote1,1700,1078031215641,17.7736,42.183,2.67532
intel-lab-mote1,1701,1078031330865,17.7834,42.183,2.66332
intel-lab-mote1,1702,1078031364129,17.7736,42.1495,2.66332
intel-lab-mote1,1703,1078031418563,17.7736,42.2165,2.66332
intel-lab-mote1,1704,1078031448698,17.7736,42.2165,2.67532
intel-lab-mote1,1705,1078031479857,17.7736,42.183,2.67532
intel-lab-mote1,1706,1078031511605,17.7834,42.2835,2.66332
intel-lab-mote1,1707,1078031542227,17.7736,42.317,2.67532
intel-lab-mote1,1708,1078031569994,17.7736,42.2835,2.67532
intel-lab-mote1,1709,1078031601664,17.7638,42.317,2.66332
intel-lab-mote1,1710,1078031631480,17.7638,42.25,2.67532
intel-lab-mote1,1711,1078031719805,17.7736,42.384,2.66332
intel-lab-mote1,1712,1078031870243,17.7442,42.3505,2.67532
intel-lab-mote1,1713,1078031899230,17.7344,42.317,2.66332
intel-lab-mote1,1714,1078031964675,17.7442,42.317,2.66332
intel-lab-mote1,1715,1078031994002,17.754,42.317,2.67532
intel-lab-mote1,1716,1078032054707,17.7442,42.3505,2.65143
intel-lab-mote1,1717,1078032113937,17.7442,42.384,2.67532
intel-lab-mote1,1718,1078032143477,17.7344,42.384,2.66332
intel-lab-mote1,1719,1078032170440,17.7344,42.183,2.66332
intel-lab-mote1,1720,1078032237220,17.7148,42.317,2.67532
intel-lab-mote1,1721,1078032260279,17.7344,42.317,2.67532
intel-lab-mote1,1722,1078032291326,17.7148,42.3505,2.67532
intel-lab-mote1,1723,1078032348738,17.6952,42.317,2.67532
intel-lab-mote1,1724,1078032410620,17.6952,42.4174,2.67532
intel-lab-mote1,1725,1078032439717,17.6952,42.384,2.66332
intel-lab-mote1,1726,1078032469816,17.705,42.4174,2.66332
intel-lab-mote1,1727,1078032529038,17.6952,42.5847,2.66332
intel-lab-mote1,1728,1078032625744,17.6854,42.4844,2.66332
intel-lab-mote1,1729,1078032678750,17.6952,42.5847,2.66332
intel-lab-mote1,1730,1078032713277,17.6952,42.5178,2.66332
intel-lab-mote1,1731,1078032802201,17.6952,42.5847,2.66332
intel-lab-mote1,1732,1078032861447,17.6854,42.5847,2.66332
intel-lab-mote1,1733,1078032895178,17.6756,42.5847,2.67532
intel-lab-mote1,1734,1078033010397,17.6952,42.5847,2.66332
intel-lab-mote1,1735,1078033100530,17.6854,42.5178,2.67532
intel-lab-mote1,1736,1078033162810,17.6658,42.5178,2.65143
intel-lab-mote1,1737,1078033193599,17.656,42.5513,2.66332
intel-lab-mote1,1738,1078033224524,17.656,42.5847,2.67532
intel-lab-mote1,1739,1078033253138,17.656,42.5847,2.66332
intel-lab-mote1,1740,1078033342414,17.6364,42.5178,2.66332
intel-lab-mote1,1741,1078033371008,17.6168,42.5847,2.67532
intel-lab-mote1,1742,1078033401156,17.6364,42.5178,2.67532
intel-lab-mote1,1743,1078033431868,17.6168,42.5513,2.67532
intel-lab-mote1,1744,1078033522324,17.6168,42.6516,2.66332
intel-lab-mote1,1745,1078033554171,17.6168,42.5847,2.66332
intel-lab-mote1,1746,1078033579374,17.6168,42.5847,2.66332
intel-lab-mote1,1747,1078033610027,17.6266,42.4174,2.66332
intel-lab-mote1,1748,1078033644084,17.6364,42.7185,2.67532
intel-lab-mote1,1749,1078033673535,17.6364,42.8187,2.66332
intel-lab-mote1,1750,1078033702050,17.6168,42.7853,2.66332
intel-lab-mote1,1751,1078033733587,17.5972,42.7853,2.66332
intel-lab-mote1,1752,1078033759394,17.607,42.6516,2.67532
intel-lab-mote1,1753,1078033820071,17.5972,42.7853,2.66332
intel-lab-mote1,1754,1078033879377,17.607,42.7519,2.66332
intel-lab-mote1,1755,1078033912426,17.5972,42.8187,2.66332
intel-lab-mote1,1756,1078034059628,17.5874,42.8187,2.66332
intel-lab-mote1,1757,1078034121115,17.5678,42.8521,2.66332
intel-lab-mote1,1758,1078034212956,17.5776,42.8521,2.66332
intel-lab-mote1,1759,1078034238718,17.5678,42.8521,2.67532
intel-lab-mote1,1760,1078034270447,17.5678,42.7853,2.66332
intel-lab-mote1,1761,1078034301125,17.558,42.8187,2.66332
intel-lab-mote1,1762,1078034391802,17.558,42.8521,2.66332
intel-lab-mote1,1763,1078034423523,17.558,42.7853,2.66332
intel-lab-mote1,1764,1078034452446,17.558,42.8187,2.65143
intel-lab-mote1,1765,1078034479456,17.558,42.8187,2.66332
intel-lab-mote1,1766,1078034541917,17.5384,42.8855,2.65143
intel-lab-mote1,1767,1078034573538,17.5384,42.9189,2.66332
intel-lab-mote1,1768,1078034602961,17.5188,42.9856,2.66332
intel-lab-mote1,1769,1078034631272,17.5384,42.9189,2.66332
intel-lab-mote1,1770,1078034664963,17.5384,42.8521,2.66332
intel-lab-mote1,1771,1078034692483,17.5384,42.8521,2.66332
intel-lab-mote1,1772,1078034813658,17.5482,42.8855,2.67532
intel-lab-mote1,1773,1078034840785,17.5384,42.9856,2.67532
intel-lab-mote1,1774,1078034898742,17.5384,42.9856,2.66332
intel-lab-mote1,1775,1078035051775,17.5188,43.0524,2.65143
intel-lab-mote1,1776,1078035080808,17.5188,43.0524,2.66332
intel-lab-mote1,1777,1078035111429,17.5188,43.1191,2.66332
intel-lab-mote1,1778,1078035144064,17.5188,42.9856,2.66332
intel-lab-mote1,1779,1078035229883,17.5188,42.9856,2.66332
intel-lab-mote1,1780,1078035263449,17.509,43.0524,2.66332
intel-lab-mote1,1781,1078035323086,17.4992,43.0858,2.66332
intel-lab-mote1,1782,1078035348807,17.4894,42.9856,2.66332
intel-lab-mote1,1783,1078035411687,17.4992,42.9856,2.66332
intel-lab-mote1,1784,1078035442684,17.509,42.9523,2.66332
intel-lab-mote1,1785,1078035471891,17.509,42.9856,2.66332
intel-lab-mote1,1786,1078035533809,17.4992,42.9856,2.65143
intel-lab-mote1,1787,1078035561234,17.4894,42.9523,2.66332
intel-lab-mote1,1788,1078035709429,17.4992,43.019,2.66332
intel-lab-mote1,1789,1078035745241,17.4992,42.9856,2.66332
intel-lab-mote1,1790,1078035801291,17.4796,43.0524,2.66332
intel-lab-mote1,1791,1078035833103,17.4992,43.0858,2.66332
intel-lab-mote1,1792,1078035863755,17.4894,43.1191,2.66332
intel-lab-mote1,1793,1078035952209,17.509,43.1525,2.66332
intel-lab-mote1,1794,1078035985706,17.4992,43.1191,2.67532
intel-lab-mote1,1795,1078036012393,17.509,43.1191,2.66332
intel-lab-mote1,1796,1078036105447,17.4992,43.1858,2.67532
intel-lab-mote1,1797,1078036221838,17.4698,43.1858,2.66332
intel-lab-mote1,1798,1078036280570,17.4796,43.2525,2.66332
intel-lab-mote1,1799,1078036312595,17.4796,43.2191,2.66332
intel-lab-mote1,1800,1078036343281,17.4894,43.1858,2.66332
intel-lab-mote1,1801,1078036370711,17.4992,43.1191,2.66332
intel-lab-mote1,1802,1078036401772,17.4992,43.1191,2.66332
intel-lab-mote1,1803,1078036431345,17.509,43.0858,2.66332
intel-lab-mote1,1804,1078036459330,17.4992,43.0858,2.66332
intel-lab-mote1,1805,1078036523514,17.4796,43.1191,2.66332
intel-lab-mote1,1806,1078036578959,17.4992,43.0524,2.65143
intel-lab-mote1,1807,1078036701179,17.4796,43.1191,2.66332
intel-lab-mote1,1808,1078036732263,17.4796,43.1191,2.66332
intel-lab-mote1,1809,1078036762061,17.4796,43.1525,2.66332
intel-lab-mote1,1810,1078036790005,17.4796,43.1191,2.66332
intel-lab-mote1,1811,1078036882583,17.4698,43.1858,2.65143
intel-lab-mote1,1812,1078037034140,17.4894,43.2191,2.65143
intel-lab-mote1,1813,1078037179387,17.4992,43.3191,2.66332
intel-lab-mote1,1814,1078037270550,17.5286,43.2191,2.66332
intel-lab-mote1,1815,1078037302581,17.5188,43.1858,2.66332
intel-lab-mote1,1816,1078037389095,17.5188,43.1858,2.66332
intel-lab-mote1,1817,1078037509073,17.4992,43.1858,2.66332
intel-lab-mote1,1818,1078037539379,17.5188,43.2191,2.66332
intel-lab-mote1,1819,1078037568902,17.509,43.2191,2.66332
intel-lab-mote1,1820,1078037602494,17.4992,43.2191,2.66332
intel-lab-mote1,1821,1078037756087,17.4992,43.1858,2.66332
intel-lab-mote1,1822,1078037814569,17.4796,43.2191,2.66332
intel-lab-mote1,1823,1078037839785,17.4698,43.1858,2.65143
intel-lab-mote1,1824,1078037992979,17.4796,43.3525,2.67532
intel-lab-mote1,1825,1078038022224,17.4796,43.3525,2.66332
intel-lab-mote1,1826,1078038083458,17.4796,43.4191,2.66332
intel-lab-mote1,1827,1078038111587,17.46,43.4524,2.66332
intel-lab-mote1,1828,1078038143298,17.4796,43.3858,2.66332
intel-lab-mote1,1829,1078038168872,17.4894,43.4524,2.66332
intel-lab-mote1,1830,1078038201370,17.4992,43.3858,2.65143
intel-lab-mote1,1831,1078038261536,17.4796,43.4191,2.66332
intel-lab-mote1,1832,1078038289339,17.4796,43.3858,2.65143
intel-lab-mote1,1833,1078038320270,17.4796,43.4191,2.66332
intel-lab-mote1,1834,1078038351907,17.4796,43.4524,2.66332
intel-lab-mote1,1835,1078038416029,17.4796,43.3525,2.66332
intel-lab-mote1,1836,1078038501523,17.4698,43.3858,2.67532
intel-lab-mote1,1837,1078038564934,17.46,43.3858,2.66332
intel-lab-mote1,1838,1078038619445,17.4698,43.3191,2.66332
intel-lab-mote1,1839,1078038655040,17.4796,43.3525,2.66332
intel-lab-mote1,1840,1078038712062,17.46,43.3191,2.66332
intel-lab-mote1,1841,1078038741883,17.4502,43.3191,2.66332
intel-lab-mote1,1842,1078038773559,17.4698,43.3191,2.66332
intel-lab-mote1,1843,1078038800211,17.46,43.3191,2.66332
intel-lab-mote1,1844,1078038862782,17.46,43.3858,2.66332
intel-lab-mote1,1845,1078038888916,17.4404,43.3191,2.66332
intel-lab-mote1,1846,1078038950690,17.46,43.3191,2.66332
intel-lab-mote1,1847,1078039040690,17.4698,43.2858,2.66332
intel-lab-mote1,1848,1078039073572,17.4796,43.3191,2.66332
intel-lab-mote1,1849,1078039101270,17.46,43.3858,2.66332
intel-lab-mote1,1850,1078039162215,17.46,43.4191,2.66332
intel-lab-mote1,1851,1078039189320,17.4698,43.4191,2.66332
intel-lab-mote1,1852,1078039221703,17.46,43.4524,2.66332
intel-lab-mote1,1853,1078039279422,17.4698,43.519,2.66332
intel-lab-mote1,1854,1078039309683,17.46,43.5855,2.66332
intel-lab-mote1,1855,1078039340843,17.46,43.519,2.65143
intel-lab-mote1,1856,1078039435266,17.46,43.5522,2.66332
intel-lab-mote1,1857,1078039463523,17.4698,43.5522,2.66332
intel-lab-mote1,1858,1078039491128,17.4698,43.4857,2.65143
intel-lab-mote1,1859,1078039582871,17.4698,43.4524,2.65143
intel-lab-mote1,1860,1078039612604,17.46,43.4524,2.65143
intel-lab-mote1,1861,1078039642607,17.4502,43.4857,2.66332
intel-lab-mote1,1862,1078039670910,17.46,43.4524,2.65143
intel-lab-mote1,1863,1078039822854,17.4502,43.3858,2.66332
intel-lab-mote1,1864,1078039882992,17.4698,43.3191,2.66332
intel-lab-mote1,1865,1078039909369,17.4698,43.3525,2.66332
intel-lab-mote1,1866,1078039942601,17.4796,43.3191,2.66332
intel-lab-mote1,1867,1078040000251,17.46,43.3858,2.66332
intel-lab-mote1,1868,1078040033804,17.46,43.4191,2.66332
intel-lab-mote1,1869,1078040089528,17.46,43.4524,2.66332
intel-lab-mote1,1870,1078040120182,17.4698,43.4524,2.66332
intel-lab-mote1,1871,1078040181077,17.4796,43.4524,2.66332
intel-lab-mote1,1872,1078040216134,17.4894,43.5855,2.65143
intel-lab-mote1,1873,1078040272172,17.4992,43.519,2.65143
intel-lab-mote1,1874,1078040304908,17.4894,43.4524,2.66332
intel-lab-mote1,1875,1078040333867,17.4992,43.3858,2.66332
intel-lab-mote1,1876,1078040450227,17.4992,43.4524,2.65143
intel-lab-mote1,1877,1078040509484,17.5188,43.4191,2.66332
intel-lab-mote1,1878,1078040539102,17.4992,43.4191,2.66332
intel-lab-mote1,1879,1078040574107,17.5188,43.3858,2.66332
intel-lab-mote1,1880,1078040753283,17.5188,43.3191,2.65143
intel-lab-mote1,1881,1078040779628,17.5188,43.3191,2.66332
intel-lab-mote1,1882,1078040873476,17.5188,43.3191,2.67532
intel-lab-mote1,1883,1078040929566,17.5188,43.2191,2.66332
intel-lab-mote1,1884,1078041079565,17.5188,43.2525,2.66332
intel-lab-mote1,1885,1078041144100,17.5384,43.1858,2.66332
intel-lab-mote1,1886,1078041169058,17.5286,43.2525,2.66332
intel-lab-mote1,1887,1078041198886,17.5384,43.2191,2.66332
intel-lab-mote1,1888,1078041294505,17.5384,43.3191,2.66332
intel-lab-mote1,1889,1078041321531,17.5482,43.3525,2.66332
intel-lab-mote1,1890,1078041349401,17.5286,43.3191,2.66332
intel-lab-mote1,1891,1078041409153,17.558,43.3191,2.66332
intel-lab-mote1,1892,1078041439200,17.558,43.2525,2.65143
intel-lab-mote1,1893,1078041468911,17.5776,43.2525,2.67532
intel-lab-mote1,1894,1078041530397,17.5972,43.1858,2.66332
intel-lab-mote1,1895,1078041619517,17.5972,43.1858,2.66332
intel-lab-mote1,1896,1078041709306,17.6266,43.0858,2.65143
intel-lab-mote1,1897,1078041746055,17.6364,43.0524,2.66332
intel-lab-mote1,1898,1078041829504,17.6364,43.0524,2.66332
intel-lab-mote1,1899,1078041859165,17.656,42.9856,2.65143
intel-lab-mote1,1900,1078041888949,17.6364,43.0524,2.67532
intel-lab-mote1,1901,1078042016318,17.6658,42.8521,2.65143
intel-lab-mote1,1902,1078042039682,17.6756,42.8855,2.66332
intel-lab-mote1,1903,1078042075532,17.6854,42.8521,2.66332
intel-lab-mote1,1904,1078042100818,17.6854,42.7853,2.66332
intel-lab-mote1,1905,1078042190203,17.7148,42.7519,2.66332
intel-lab-mote1,1906,1078042251506,17.7246,42.7853,2.66332
intel-lab-mote1,1907,1078042279070,17.7344,42.6516,2.67532
intel-lab-mote1,1908,1078042338928,17.754,42.6516,2.65143
intel-lab-mote1,1909,1078042401665,17.7736,42.685,2.66332
intel-lab-mote1,1910,1078042460943,17.7932,42.5847,2.65143
intel-lab-mote1,1911,1078042491536,17.7932,42.6516,2.66332
intel-lab-mote1,1912,1078042548956,17.8324,42.5847,2.66332
intel-lab-mote1,1913,1078042609583,17.8716,42.5513,2.67532
intel-lab-mote1,1914,1078042640978,17.8814,42.4844,2.66332
intel-lab-mote1,1915,1078042672803,17.901,42.4509,2.66332
intel-lab-mote1,1916,1078042705024,17.8912,42.4174,2.66332
intel-lab-mote1,1917,1078042730259,17.9108,42.317,2.66332
intel-lab-mote1,1918,1078042762426,17.9304,42.25,2.66332
intel-lab-mote1,1919,1078042791493,17.95,42.1495,2.66332
intel-lab-mote1,1920,1078042912331,18.0088,42.116,2.67532
intel-lab-mote1,1921,1078042942248,18.0088,42.0489,2.66332
intel-lab-mote1,1922,1078043001649,18.0382,42.0489,2.66332
intel-lab-mote1,1923,1078043032945,18.0578,42.1495,2.66332
intel-lab-mote1,1924,1078043089095,18.0872,42.0154,2.66332
intel-lab-mote1,1925,1078043123506,18.1166,42.0824,2.66332
intel-lab-mote1,1926,1078043157600,18.146,42.1495,2.67532
intel-lab-mote1,1927,1078043182730,18.1656,42.116,2.67532
intel-lab-mote1,1928,1078043274833,18.244,42.116,2.67532
intel-lab-mote1,1929,1078043301483,18.2636,42.0489,2.66332
intel-lab-mote1,1930,1078043333500,18.3126,42.0489,2.67532
intel-lab-mote1,1931,1078043390965,18.3518,41.9483,2.67532
intel-lab-mote1,1932,1078043421083,18.3714,41.9147,2.66332
intel-lab-mote1,1933,1078043452299,18.4008,41.9818,2.67532
intel-lab-mote1,1934,1078043542202,18.4694,41.7805,2.66332
intel-lab-mote1,1935,1078043637655,18.5968,41.6125,2.66332
intel-lab-mote1,1936,1078043661761,18.6262,41.5116,2.67532
intel-lab-mote1,1937,1078043689559,18.6556,41.3771,2.67532
intel-lab-mote1,1938,1078043725589,18.6948,41.2425,2.67532
intel-lab-mote1,1939,1078043752272,18.734,41.1751,2.67532
intel-lab-mote1,1940,1078043780546,18.7536,41.1078,2.67532
intel-lab-mote1,1941,1078043841757,18.8222,40.973,2.67532
intel-lab-mote1,1942,1078043929180,18.9398,40.6355,2.67532
intel-lab-mote1,1943,1078043993852,19.0476,40.6355,2.68742
intel-lab-mote1,1944,1078044053246,19.1064,40.3652,2.67532
intel-lab-mote1,1945,1078044082473,19.1358,40.2299,2.67532
intel-lab-mote1,1946,1078044111102,19.175,40.1622,2.67532
intel-lab-mote1,1947,1078044139733,19.2044,40.0945,2.67532
intel-lab-mote1,1948,1078044170988,19.2338,39.9591,2.67532
intel-lab-mote1,1949,1078044199944,19.2534,39.8913,2.67532
intel-lab-mote1,1950,1078044289981,19.3612,39.6539,2.67532
intel-lab-mote1,1951,1078044319433,19.4004,39.5521,2.68742
intel-lab-mote1,1952,1078044355270,19.4298,39.4842,2.67532
intel-lab-mote1,1953,1078044379739,19.4494,39.4162,2.68742
intel-lab-mote1,1954,1078044412242,19.4788,39.4502,2.68742
intel-lab-mote1,1955,1078044442677,19.5082,39.4162,2.67532
intel-lab-mote1,1956,1078044531598,19.5572,39.2123,2.68742
intel-lab-mote1,1957,1078044559430,19.5866,39.1443,2.67532
intel-lab-mote1,1958,1078044590364,19.616,39.0763,2.68742
intel-lab-mote1,1959,1078044657284,19.6552,38.9401,2.68742
intel-lab-mote1,1960,1078044710609,19.714,38.9061,2.68742
intel-lab-mote1,1961,1078044772589,19.7728,38.7357,2.68742
intel-lab-mote1,1962,1078044862552,19.8512,38.7357,2.68742
intel-lab-mote1,1963,1078044919631,19.8806,38.5311,2.67532
intel-lab-mote1,1964,1078044979240,19.91,38.497,2.67532
intel-lab-mote1,1965,1078045043744,19.9492,38.4629,2.68742
intel-lab-mote1,1966,1078045071872,19.9688,38.4629,2.68742
intel-lab-mote1,1967,1078045105236,19.9786,38.4629,2.68742
intel-lab-mote1,1968,1078045159928,19.9688,38.3946,2.68742
intel-lab-mote1,1969,1078045191140,19.9688,38.3946,2.68742
intel-lab-mote1,1970,1078045219744,19.9884,38.3946,2.68742
intel-lab-mote1,1971,1078045282488,20.0276,38.3605,2.68742
intel-lab-mote1,1972,1078045339744,20.057,38.258,2.68742
intel-lab-mote1,1973,1078045432467,20.1256,38.0871,2.68742
intel-lab-mote1,1974,1078045584127,20.1844,38.0529,2.68742
intel-lab-mote1,1975,1078045643549,20.2138,38.0529,2.69964
intel-lab-mote1,1976,1078045671815,20.2138,38.0187,2.68742
intel-lab-mote1,1977,1078045704598,20.2236,37.9845,2.68742
intel-lab-mote1,1978,1078045759222,20.2236,38.0187,2.68742
intel-lab-mote1,1979,1078045881668,20.2628,37.9845,2.68742
intel-lab-mote1,1980,1078046001111,20.302,37.8819,2.69964
intel-lab-mote1,1981,1078046033871,20.3216,37.9161,2.68742
intel-lab-mote1,1982,1078046095710,20.3412,37.7792,2.68742
intel-lab-mote1,1983,1078046156252,20.3706,37.7792,2.68742
intel-lab-mote1,1984,1078046179797,20.3804,37.7792,2.68742
intel-lab-mote1,1985,1078046301730,20.4392,37.6422,2.69964
intel-lab-mote1,1986,1078046453922,20.5078,37.6079,2.69964
intel-lab-mote1,1987,1078046539721,20.5274,37.6079,2.68742
intel-lab-mote1,1988,1078046633851,20.5568,37.5737,2.68742
intel-lab-mote1,1989,1078046659910,20.5568,37.5737,2.68742
intel-lab-mote1,1990,1078046689213,20.5666,37.6079,2.68742
intel-lab-mote1,1991,1078046724549,20.5568,37.6422,2.68742
intel-lab-mote1,1992,1078046786359,20.5568,37.5737,2.69964
intel-lab-mote1,1993,1078046809164,20.5568,37.6422,2.68742
intel-lab-mote1,1994,1078046903145,20.5862,37.6422,2.68742
intel-lab-mote1,1995,1078046990524,20.6058,37.6422,2.69964
intel-lab-mote1,1996,1078047020676,20.6058,37.5737,2.69964
intel-lab-mote1,1997,1078047050375,20.6156,37.5737,2.68742
intel-lab-mote1,1998,1078047083034,20.6156,37.5737,2.69964
intel-lab-mote1,1999,1078047109155,20.6254,37.5394,2.68742
intel-lab-mote1,2000,1078047139199,20.6156,37.5737,2.68742
intel-lab-mote1,2001,1078047173692,20.6254,37.6079,2.68742
intel-lab-mote1,2002,1078047235119,20.645,37.6422,2.68742
intel-lab-mote1,2003,1078047265810,20.6352,37.6422,2.68742
intel-lab-mote1,2004,1078047326637,20.645,37.7107,2.68742
intel-lab-mote1,2005,1078047419565,20.6156,37.7107,2.69964
intel-lab-mote1,2006,1078047471051,20.6058,37.7792,2.68742
intel-lab-mote1,2007,1078047501006,20.5764,37.8477,2.69964
intel-lab-mote1,2008,1078047597394,20.4882,38.0529,2.69964
intel-lab-mote1,2009,1078047654103,20.4588,38.1213,2.68742
intel-lab-mote1,2010,1078047680528,20.4392,38.1897,2.69964
intel-lab-mote1,2011,1078047710432,20.4196,38.1897,2.68742
intel-lab-mote1,2012,1078047742578,20.3804,38.3263,2.68742
intel-lab-mote1,2013,1078047770257,20.351,38.3946,2.67532
intel-lab-mote1,2014,1078047830949,20.302,38.4629,2.68742
intel-lab-mote1,2015,1078047890441,20.2726,38.5311,2.68742
intel-lab-mote1,2016,1078047921774,20.253,38.5311,2.68742
intel-lab-mote1,2017,1078048043982,20.1942,38.7357,2.68742
intel-lab-mote1,2018,1078048073512,20.1844,38.8039,2.68742
intel-lab-mote1,2019,1078048133992,20.1354,38.872,2.68742
intel-lab-mote1,2020,1078048193300,20.0864,39.0082,2.68742
intel-lab-mote1,2021,1078048219749,20.0668,39.0763,2.68742
intel-lab-mote1,2022,1078048255483,20.0374,39.1443,2.68742
intel-lab-mote1,2023,1078048285009,20.0178,39.1783,2.68742
intel-lab-mote1,2024,1078048315106,19.9982,39.2123,2.68742
intel-lab-mote1,2025,1078048343418,19.9786,39.2803,2.68742
intel-lab-mote1,2026,1078048369857,19.9688,39.3143,2.68742
intel-lab-mote1,2027,1078048492195,19.8414,39.62,2.68742
intel-lab-mote1,2028,1078048552616,19.8022,39.7557,2.68742
intel-lab-mote1,2029,1078048579621,19.8022,39.7896,2.67532
intel-lab-mote1,2030,1078048639646,19.7826,39.7557,2.68742
intel-lab-mote1,2031,1078048702501,19.8022,39.5521,2.68742
intel-lab-mote1,2032,1078048732668,19.8218,39.5521,2.68742
intel-lab-mote1,2033,1078048766721,19.8316,39.5521,2.68742
intel-lab-mote1,2034,1078048795358,19.861,39.4162,2.67532
intel-lab-mote1,2035,1078048851073,19.9002,39.4502,2.67532
intel-lab-mote1,2036,1078048913915,19.9296,39.3143,2.68742
intel-lab-mote1,2037,1078048972568,19.9786,39.2803,2.68742
intel-lab-mote1,2038,1078049030420,19.9884,39.2123,2.68742
intel-lab-mote1,2039,1078049065480,20.008,39.1783,2.68742
intel-lab-mote1,2040,1078049093996,20.0374,39.1443,2.67532
intel-lab-mote1,2041,1078049124013,20.0472,39.1103,2.68742
intel-lab-mote1,2042,1078049209922,20.106,39.0082,2.68742
intel-lab-mote1,2043,1078049245207,20.106,39.0082,2.68742
intel-lab-mote1,2044,1078049269145,20.1256,38.9401,2.68742
intel-lab-mote1,2045,1078049303532,20.1354,39.0082,2.68742
intel-lab-mote1,2046,1078049359668,20.155,38.9401,2.68742
intel-lab-mote1,2047,1078049479144,20.2236,38.8379,2.68742
intel-lab-mote1,2048,1078049515211,20.2432,38.872,2.68742
intel-lab-mote1,2049,1078049543392,20.2432,38.8039,2.68742
intel-lab-mote1,2050,1078049605714,20.2824,38.7357,2.68742
intel-lab-mote1,2051,1078049632322,20.302,38.7698,2.68742
intel-lab-mote1,2052,1078049691897,20.3216,38.7357,2.68742
intel-lab-mote1,2053,1078049749722,20.3608,38.6675,2.69964
intel-lab-mote1,2054,1078049871384,20.4588,38.497,2.68742
intel-lab-mote1,2055,1078049933391,20.498,38.3946,2.68742
intel-lab-mote1,2056,1078049965442,20.5176,38.3946,2.68742
intel-lab-mote1,2057,1078050021204,20.5568,38.3263,2.69964
intel-lab-mote1,2058,1078050051208,20.5666,38.258,2.68742
intel-lab-mote1,2059,1078050139208,20.596,38.258,2.69964
intel-lab-mote1,2060,1078050207630,20.6254,38.2239,2.69964
intel-lab-mote1,2061,1078050265742,20.645,38.1555,2.68742
intel-lab-mote1,2062,1078050559448,20.7136,37.9845,2.68742
intel-lab-mote1,2063,1078050621970,20.7038,38.1897,2.69964
intel-lab-mote1,2064,1078050681308,20.6744,38.1555,2.68742
intel-lab-mote1,2065,1078050799260,20.7528,38.0529,2.68742
intel-lab-mote1,2066,1078050893376,20.8312,37.9845,2.68742
intel-lab-mote1,2067,1078050949196,20.8606,37.9161,2.69964
intel-lab-mote1,2068,1078050985779,20.89,37.8134,2.69964
intel-lab-mote1,2069,1078051039873,20.9096,37.8134,2.68742
intel-lab-mote1,2070,1078051099861,20.8802,37.8819,2.68742
intel-lab-mote1,2071,1078051129252,20.8802,37.8819,2.68742
intel-lab-mote1,2072,1078051159943,20.8704,37.9161,2.68742
intel-lab-mote1,2073,1078051194762,20.8802,37.9503,2.69964
intel-lab-mote1,2074,1078051219822,20.8704,37.9503,2.69964
intel-lab-mote1,2075,1078051254676,20.8704,37.9161,2.69964
intel-lab-mote1,2076,1078051285769,20.8704,37.9503,2.68742
intel-lab-mote1,2077,1078051310348,20.8802,37.9161,2.68742
intel-lab-mote1,2078,1078051371504,20.9096,37.8477,2.69964
intel-lab-mote1,2079,1078051491274,20.9586,37.7792,2.69964
intel-lab-mote1,2080,1078051549820,20.9782,37.745,2.68742
intel-lab-mote1,2081,1078051582857,20.988,37.745,2.69964
intel-lab-mote1,2082,1078051614078,21.0076,37.7107,2.69964
intel-lab-mote1,2083,1078051671993,21.0076,37.7107,2.68742
intel-lab-mote1,2084,1078051729752,21.0174,37.7107,2.69964
intel-lab-mote1,2085,1078051763023,21.0076,37.7107,2.68742
intel-lab-mote1,2086,1078051791338,21.0272,37.6765,2.68742
intel-lab-mote1,2087,1078051819907,21.0468,37.6765,2.69964
intel-lab-mote1,2088,1078051854208,21.0566,37.6422,2.68742
intel-lab-mote1,2089,1078051910988,20.9978,37.8134,2.69964
intel-lab-mote1,2090,1078052031522,21.037,37.7792,2.69964
intel-lab-mote1,2091,1078052060418,21.0468,37.7107,2.68742
intel-lab-mote1,2092,1078052089275,21.0566,37.7107,2.69964
intel-lab-mote1,2093,1078052150608,21.086,37.6765,2.69964
intel-lab-mote1,2094,1078052183729,21.0468,37.6765,2.68742
intel-lab-mote1,2095,1078052214834,21.0468,37.7107,2.69964
intel-lab-mote1,2096,1078052269295,21.0664,37.745,2.69964
intel-lab-mote1,2097,1078052306380,21.0762,37.7792,2.69964
intel-lab-mote1,2098,1078052330676,21.0958,37.9161,2.68742
intel-lab-mote1,2099,1078052360083,21.086,38.0529,2.69964
intel-lab-mote1,2100,1078052391959,21.1056,37.9845,2.68742
intel-lab-mote1,2101,1078052569773,21.184,37.745,2.69964
intel-lab-mote1,2102,1078052810998,21.1938,37.7107,2.69964
intel-lab-mote1,2103,1078052839502,21.184,37.745,2.69964
intel-lab-mote1,2104,1078052869529,21.184,37.7792,2.69964
intel-lab-mote1,2105,1078053049907,21.1448,37.8477,2.68742
intel-lab-mote1,2106,1078053264927,21.1644,37.8134,2.69964
intel-lab-mote1,2107,1078053294800,21.1644,37.8819,2.69964
intel-lab-mote1,2108,1078053349292,21.184,37.7792,2.69964
intel-lab-mote1,2109,1078053415864,21.1938,37.7792,2.69964
intel-lab-mote1,2110,1078053530004,21.1938,37.7792,2.69964
intel-lab-mote1,2111,1078053561414,21.1938,37.7792,2.69964
intel-lab-mote1,2112,1078053649835,21.2036,37.7792,2.69964
intel-lab-mote1,2113,1078053679389,21.2134,37.7107,2.69964
intel-lab-mote1,2114,1078053770076,21.233,37.745,2.69964
intel-lab-mote1,2115,1078053836938,21.2232,37.8477,2.69964
intel-lab-mote1,2116,1078053862619,21.2232,37.8134,2.69964
intel-lab-mote1,2117,1078053894219,21.2232,37.8819,2.69964
intel-lab-mote1,2118,1078053923140,21.233,37.745,2.69964
intel-lab-mote1,2119,1078053985259,21.184,37.9161,2.69964
intel-lab-mote1,2120,1078054014940,21.1938,37.8477,2.68742
intel-lab-mote1,2121,1078054106598,21.2428,37.7792,2.69964
intel-lab-mote1,2122,1078054168464,21.2036,37.9845,2.69964
intel-lab-mote1,2123,1078054197156,21.2232,37.7107,2.68742
intel-lab-mote1,2124,1078054339378,21.2232,37.8477,2.69964
intel-lab-mote1,2125,1078054371436,21.2036,37.8819,2.69964
intel-lab-mote1,2126,1078054401628,21.2134,37.8477,2.69964
intel-lab-mote1,2127,1078054431224,21.2134,37.8477,2.69964
intel-lab-mote1,2128,1078054461350,21.2428,37.9845,2.69964
intel-lab-mote1,2129,1078054490181,21.2526,38.0529,2.69964
intel-lab-mote1,2130,1078054522591,21.2428,37.9845,2.68742
intel-lab-mote1,2131,1078054556039,21.2624,38.0529,2.69964
intel-lab-mote1,2132,1078054581504,21.2624,37.9161,2.69964
intel-lab-mote1,2133,1078054610091,21.2526,37.9161,2.68742
intel-lab-mote1,2134,1078054706678,21.2428,37.9845,2.69964
intel-lab-mote1,2135,1078054729897,21.233,37.9503,2.69964
intel-lab-mote1,2136,1078054762858,21.2428,37.9503,2.69964
intel-lab-mote1,2137,1078054789367,21.2624,37.9845,2.69964
intel-lab-mote1,2138,1078054822098,21.2722,38.1213,2.69964
intel-lab-mote1,2139,1078054849861,21.2722,38.0529,2.69964
intel-lab-mote1,2140,1078054883610,21.2624,37.9161,2.69964
intel-lab-mote1,2141,1078054943688,21.2722,37.8819,2.69964
intel-lab-mote1,2142,1078054972273,21.2624,38.2922,2.69964
intel-lab-mote1,2143,1078055003450,21.2526,37.9161,2.69964
intel-lab-mote1,2144,1078055029235,21.2624,38.0187,2.69964
intel-lab-mote1,2145,1078055093789,21.2624,38.1213,2.69964
intel-lab-mote1,2146,1078055215140,21.2428,37.9845,2.69964
intel-lab-mote1,2147,1078055241371,21.2526,38.1897,2.68742
intel-lab-mote1,2148,1078055269930,21.233,38.3946,2.69964
intel-lab-mote1,2149,1078055305204,21.1742,38.3263,2.68742
intel-lab-mote1,2150,1078055360595,21.1252,38.3263,2.69964
intel-lab-mote1,2151,1078055425891,21.086,38.4629,2.68742
intel-lab-mote1,2152,1078055454979,21.0664,38.5311,2.69964
intel-lab-mote1,2153,1078055483120,21.086,38.5652,2.69964
intel-lab-mote1,2154,1078055540137,21.0566,38.5311,2.68742
intel-lab-mote1,2155,1078055601524,21.0664,38.4287,2.69964
intel-lab-mote1,2156,1078055629931,21.0664,38.7698,2.69964
intel-lab-mote1,2157,1078055660847,21.0566,38.8039,2.68742
intel-lab-mote1,2158,1078055785345,21.1252,38.4287,2.69964
intel-lab-mote1,2159,1078055809273,21.1644,38.3263,2.69964
intel-lab-mote1,2160,1078055846063,21.184,38.2922,2.68742
intel-lab-mote1,2161,1078055933769,21.2624,38.1213,2.69964
intel-lab-mote1,2162,1078055995205,21.2722,38.258,2.69964
intel-lab-mote1,2163,1078056023513,21.2722,37.9845,2.68742
intel-lab-mote1,2164,1078056079312,21.2918,38.1897,2.68742
intel-lab-mote1,2165,1078056115092,21.282,38.0529,2.69964
intel-lab-mote1,2166,1078056203745,21.3212,38.1897,2.69964
intel-lab-mote1,2167,1078056229306,21.331,38.0529,2.69964
intel-lab-mote1,2168,1078056260047,21.3408,38.1897,2.69964
intel-lab-mote1,2169,1078056294644,21.3212,38.3946,2.69964
intel-lab-mote1,2170,1078056323653,21.331,38.3946,2.69964
intel-lab-mote1,2171,1078056352299,21.3408,38.3263,2.69964
intel-lab-mote1,2172,1078056380538,21.3604,38.3263,2.69964
intel-lab-mote1,2173,1078056410450,21.3604,38.258,2.69964
intel-lab-mote1,2174,1078056445986,21.3408,38.3263,2.69964
intel-lab-mote1,2175,1078056499298,21.3604,38.1555,2.69964
intel-lab-mote1,2176,1078056532213,21.38,38.0871,2.69964
intel-lab-mote1,2177,1078056562287,21.3996,38.1897,2.69964
intel-lab-mote1,2178,1078056592338,21.3996,38.0529,2.69964
intel-lab-mote1,2179,1078056653035,21.38,38.0187,2.69964
intel-lab-mote1,2180,1078056710177,21.38,38.0187,2.69964
intel-lab-mote1,2181,1078056743246,21.38,38.3946,2.69964
intel-lab-mote1,2182,1078056800092,21.331,38.1213,2.69964
intel-lab-mote1,2183,1078056836135,21.3114,38.0871,2.69964
intel-lab-mote1,2184,1078056867491,21.3016,38.1213,2.69964
intel-lab-mote1,2185,1078056954965,21.3212,38.1555,2.69964
intel-lab-mote1,2186,1078056980022,21.3408,38.1213,2.69964
intel-lab-mote1,2187,1078057012893,21.3408,38.1213,2.69964
intel-lab-mote1,2188,1078057130797,21.282,38.2239,2.69964
intel-lab-mote1,2189,1078057160828,21.2624,38.258,2.68742
intel-lab-mote1,2190,1078057195732,21.2624,38.3605,2.69964
intel-lab-mote1,2191,1078057224740,21.2428,38.4629,2.69964
intel-lab-mote1,2192,1078057283022,21.2036,38.4629,2.69964
intel-lab-mote1,2193,1078057320035,21.2232,38.6334,2.69964
intel-lab-mote1,2194,1078057339210,21.233,38.7698,2.69964
intel-lab-mote1,2195,1078057370195,21.2232,38.7357,2.68742
intel-lab-mote1,2196,1078057433780,21.2036,38.7698,2.69964
intel-lab-mote1,2197,1078057459351,21.184,38.5993,2.69964
intel-lab-mote1,2198,1078057490063,21.1252,38.7016,2.69964
intel-lab-mote1,2199,1078057579348,21.1252,38.9061,2.69964
intel-lab-mote1,2200,1078057676165,21.1056,39.1443,2.68742
intel-lab-mote1,2201,1078057789376,21.0272,39.0763,2.69964
intel-lab-mote1,2202,1078057824636,21.037,39.2803,2.69964
intel-lab-mote1,2203,1078057909367,21.0076,39.1783,2.69964
intel-lab-mote1,2204,1078057978589,20.9978,39.1783,2.68742
intel-lab-mote1,2205,1078058065503,21.037,39.3483,2.69964
intel-lab-mote1,2206,1078058093262,21.0272,39.1783,2.68742
intel-lab-mote1,2207,1078058123963,21.0076,39.1103,2.68742
intel-lab-mote1,2208,1078058150957,21.0076,39.2123,2.69964
intel-lab-mote1,2209,1078058220389,20.9782,39.1443,2.69964
intel-lab-mote1,2210,1078058240085,20.9782,39.3483,2.69964
intel-lab-mote1,2211,1078058271410,20.9684,39.2803,2.69964
intel-lab-mote1,2212,1078058305537,20.9684,39.2803,2.69964
intel-lab-mote1,2213,1078058330108,20.9586,39.2463,2.69964
intel-lab-mote1,2214,1078058364629,20.9488,39.2803,2.68742
intel-lab-mote1,2215,1078058389297,20.9488,39.3143,2.69964
intel-lab-mote1,2216,1078058419840,20.9292,39.3823,2.69964
intel-lab-mote1,2217,1078058450170,20.9292,39.4502,2.69964
intel-lab-mote1,2218,1078058517154,20.9096,39.4162,2.68742
intel-lab-mote1,2219,1078058540144,20.8998,39.4162,2.68742
intel-lab-mote1,2220,1078058571736,20.9096,39.4162,2.69964
intel-lab-mote1,2221,1078058662502,20.9096,39.4842,2.69964
intel-lab-mote1,2222,1078058690980,20.9292,39.3823,2.68742
intel-lab-mote1,2223,1078058723019,20.9096,39.4162,2.68742
intel-lab-mote1,2224,1078058754535,20.9194,39.4162,2.69964
intel-lab-mote1,2225,1078058785402,20.9096,39.4502,2.69964
intel-lab-mote1,2226,1078058813924,20.9096,39.4162,2.69964
intel-lab-mote1,2227,1078058845411,20.8998,39.4162,2.69964
intel-lab-mote1,2228,1078058877179,20.9096,39.4162,2.69964
intel-lab-mote1,2229,1078058931488,20.89,39.4162,2.69964
intel-lab-mote1,2230,1078058963114,20.8998,39.3483,2.69964
intel-lab-mote1,2231,1078059020008,20.8802,39.3823,2.69964
intel-lab-mote1,2232,1078059050152,20.89,39.3823,2.68742
intel-lab-mote1,2233,1078059141805,20.89,39.4162,2.69964
intel-lab-mote1,2234,1078059260153,20.89,39.4162,2.69964
intel-lab-mote1,2235,1078059413887,20.8802,39.3483,2.69964
intel-lab-mote1,2236,1078059529446,20.9096,39.5521,2.69964
intel-lab-mote1,2237,1078059563307,20.9292,39.5521,2.69964
intel-lab-mote1,2238,1078059595234,20.9292,39.5521,2.69964
intel-lab-mote1,2239,1078059652396,20.9684,39.4162,2.68742
intel-lab-mote1,2240,1078059680174,20.988,39.3483,2.68742
intel-lab-mote1,2241,1078059715464,21.0174,39.2803,2.69964
intel-lab-mote1,2242,1078059769628,21.0468,39.2463,2.69964
intel-lab-mote1,2243,1078059836259,21.0664,39.2803,2.68742
intel-lab-mote1,2244,1078059893127,21.1056,39.0422,2.69964
intel-lab-mote1,2245,1078059925647,21.0958,39.0763,2.69964
intel-lab-mote1,2246,1078059950120,21.1056,39.2123,2.69964
intel-lab-mote1,2247,1078059984159,21.1154,39.2463,2.68742
intel-lab-mote1,2248,1078060009334,21.1448,39.2123,2.69964
intel-lab-mote1,2249,1078060041014,21.1448,39.0763,2.69964
intel-lab-mote1,2250,1078060072507,21.1546,39.0763,2.69964
intel-lab-mote1,2251,1078060131515,21.184,39.0763,2.68742
intel-lab-mote1,2252,1078060162630,21.2036,39.1443,2.69964
intel-lab-mote1,2253,1078060194646,21.2134,39.0422,2.69964
intel-lab-mote1,2254,1078060219661,21.2036,39.1103,2.69964
intel-lab-mote1,2255,1078060281796,21.1938,39.1443,2.69964
intel-lab-mote1,2256,1078060309473,21.184,39.1443,2.69964
intel-lab-mote1,2257,1078060346363,21.2036,38.9742,2.68742
intel-lab-mote1,2258,1078060370857,21.1938,38.9061,2.69964
intel-lab-mote1,2259,1078060429519,21.184,39.0763,2.69964
intel-lab-mote1,2260,1078060459475,21.184,39.0763,2.69964
intel-lab-mote1,2261,1078060493146,21.1742,39.0082,2.69964
intel-lab-mote1,2262,1078060520906,21.1742,39.1103,2.68742
intel-lab-mote1,2263,1078060555526,21.2036,39.0082,2.69964
intel-lab-mote1,2264,1078060582438,21.2134,39.0422,2.69964
intel-lab-mote1,2265,1078060651471,21.2428,38.9061,2.69964
intel-lab-mote1,2266,1078060730370,21.2428,39.0082,2.69964
intel-lab-mote1,2267,1078060760069,21.2036,39.0422,2.69964
intel-lab-mote1,2268,1078060828503,21.2134,39.0763,2.69964
intel-lab-mote1,2269,1078060850954,21.2232,39.0082,2.69964
intel-lab-mote1,2270,1078060920199,21.2232,39.0082,2.69964
intel-lab-mote1,2271,1078060949007,21.233,39.0422,2.69964
intel-lab-mote1,2272,1078060969551,21.233,39.0422,2.69964
intel-lab-mote1,2273,1078061035006,21.282,38.9061,2.69964
intel-lab-mote1,2274,1078061126681,21.3016,38.9061,2.68742
intel-lab-mote1,2275,1078061180237,21.331,38.872,2.69964
intel-lab-mote1,2276,1078061214086,21.3408,38.872,2.68742
intel-lab-mote1,2277,1078061241347,21.3408,38.7357,2.68742
intel-lab-mote1,2278,1078061276512,21.3702,38.7357,2.69964
intel-lab-mote1,2279,1078061305109,21.38,38.7357,2.69964
intel-lab-mote1,2280,1078061332530,21.3506,38.7698,2.69964
intel-lab-mote1,2281,1078061393756,21.3506,38.7357,2.69964
intel-lab-mote1,2282,1078061540202,21.3604,38.5993,2.69964
intel-lab-mote1,2283,1078061633195,21.4094,39.1783,2.69964
intel-lab-mote1,2284,1078061689412,21.38,38.872,2.69964
intel-lab-mote1,2285,1078061725594,21.3604,39.0082,2.69964
intel-lab-mote1,2286,1078061753254,21.3702,38.9742,2.69964
intel-lab-mote1,2287,1078061817871,21.3702,38.7698,2.68742
intel-lab-mote1,2288,1078061839413,21.3702,38.9742,2.69964
intel-lab-mote1,2289,1078061870872,21.3506,38.9401,2.69964
intel-lab-mote1,2290,1078061900125,21.3604,39.0082,2.69964
intel-lab-mote1,2291,1078061932491,21.3604,39.0082,2.68742
intel-lab-mote1,2292,1078061961812,21.3408,39.0082,2.69964
intel-lab-mote1,2293,1078062053306,21.3506,38.6675,2.69964
intel-lab-mote1,2294,1078062109424,21.3506,38.8039,2.69964
intel-lab-mote1,2295,1078062143108,21.3604,38.7698,2.69964
intel-lab-mote1,2296,1078062201950,21.3996,38.7357,2.69964
intel-lab-mote1,2297,1078062293328,21.4192,38.6675,2.69964
intel-lab-mote1,2298,1078062319435,21.429,38.7357,2.69964
intel-lab-mote1,2299,1078062354750,21.4094,38.8039,2.69964
intel-lab-mote1,2300,1078062383252,21.4192,38.7698,2.69964
intel-lab-mote1,2301,1078062444364,21.4388,38.6675,2.69964
intel-lab-mote1,2302,1078062535679,21.478,38.6675,2.69964
intel-lab-mote1,2303,1078062591038,21.5172,38.6675,2.69964
intel-lab-mote1,2304,1078062620201,21.527,38.6334,2.69964
intel-lab-mote1,2305,1078062713597,21.5564,38.5993,2.69964
intel-lab-mote1,2306,1078062742140,21.5662,38.5993,2.69964
intel-lab-mote1,2307,1078062772550,21.5564,38.5652,2.69964
intel-lab-mote1,2308,1078062805576,21.5662,38.5993,2.69964
intel-lab-mote1,2309,1078062859460,21.6054,38.3946,2.68742
intel-lab-mote1,2310,1078062890944,21.5956,38.3946,2.69964
intel-lab-mote1,2311,1078062925385,21.6152,38.3605,2.69964
intel-lab-mote1,2312,1078062984204,21.625,38.258,2.69964
intel-lab-mote1,2313,1078063010180,21.6152,38.3946,2.69964
intel-lab-mote1,2314,1078063044729,21.5858,38.2239,2.69964
intel-lab-mote1,2315,1078063074034,21.5956,38.1213,2.69964
intel-lab-mote1,2316,1078063190117,21.4976,38.5311,2.69964
intel-lab-mote1,2317,1078063220517,21.478,38.3946,2.69964
intel-lab-mote1,2318,1078063259680,21.478,38.8039,2.69964
intel-lab-mote1,2319,1078063280094,21.478,38.7357,2.69964
intel-lab-mote1,2320,1078063311080,21.478,38.5993,2.69964
intel-lab-mote1,2321,1078063370665,21.4976,38.8039,2.69964
intel-lab-mote1,2322,1078063429564,21.4878,38.8379,2.69964
intel-lab-mote1,2323,1078063461193,21.4584,38.5993,2.69964
intel-lab-mote1,2324,1078063489513,21.478,38.7357,2.69964
intel-lab-mote1,2325,1078063553306,21.3996,38.7357,2.69964
intel-lab-mote1,2326,1078063581017,21.3702,38.8039,2.69964
intel-lab-mote1,2327,1078063614438,21.38,38.872,2.69964
intel-lab-mote1,2328,1078063647389,21.3604,38.872,2.69964
intel-lab-mote1,2329,1078063707414,21.3506,39.0082,2.69964
intel-lab-mote1,2330,1078063730183,21.3408,39.0082,2.69964
intel-lab-mote1,2331,1078063766674,21.3408,38.9742,2.69964
intel-lab-mote1,2332,1078063882930,21.282,39.0763,2.69964
intel-lab-mote1,2333,1078063913492,21.2624,39.1103,2.69964
intel-lab-mote1,2334,1078063941940,21.233,39.1443,2.68742
intel-lab-mote1,2335,1078064037909,21.1938,39.1443,2.69964
intel-lab-mote1,2336,1078064092587,21.1644,39.2123,2.69964
intel-lab-mote1,2337,1078064185860,21.086,39.3143,2.69964
intel-lab-mote1,2338,1078064209639,21.0664,39.3483,2.69964
intel-lab-mote1,2339,1078064272554,21.0174,39.4162,2.68742
intel-lab-mote1,2340,1078064392669,20.9488,39.62,2.69964
intel-lab-mote1,2341,1078064483662,20.89,39.6878,2.68742
intel-lab-mote1,2342,1078064546246,20.8704,39.6878,2.68742
intel-lab-mote1,2343,1078064577186,20.8606,39.7896,2.69964
intel-lab-mote1,2344,1078064633347,20.8802,40.0607,2.69964
intel-lab-mote1,2345,1078064689545,20.9096,39.7217,2.69964
intel-lab-mote1,2346,1078064724246,20.9194,39.8235,2.69964
intel-lab-mote1,2347,1078064907415,21.0076,39.5181,2.68742
intel-lab-mote1,2348,1078064933423,21.0272,39.5181,2.68742
intel-lab-mote1,2349,1078065051127,21.0468,39.5521,2.69964
intel-lab-mote1,2350,1078065110353,21.0762,39.3823,2.69964
intel-lab-mote1,2351,1078065147221,21.086,39.3483,2.68742
intel-lab-mote1,2352,1078065289612,21.184,39.2123,2.71196
intel-lab-mote1,2353,1078065349849,21.2428,39.1443,2.69964
intel-lab-mote1,2354,1078065417305,21.282,39.0082,2.69964
intel-lab-mote1,2355,1078065439711,21.3114,39.0082,2.69964
intel-lab-mote1,2356,1078065529877,21.38,38.8379,2.69964
intel-lab-mote1,2357,1078065562961,21.3996,38.8039,2.69964
intel-lab-mote1,2358,1078065659800,21.4192,38.7357,2.69964
intel-lab-mote1,2359,1078065680104,21.429,38.7357,2.69964
intel-lab-mote1,2360,1078065746083,21.4192,38.7016,2.69964
intel-lab-mote1,2361,1078065772052,21.4192,38.7698,2.69964
intel-lab-mote1,2362,1078065830359,21.4094,38.8039,2.69964
intel-lab-mote1,2363,1078065891071,21.3996,38.8379,2.69964
intel-lab-mote1,2364,1078065981187,21.3604,38.9061,2.68742
intel-lab-mote1,2365,1078066039690,21.3212,38.9061,2.69964
intel-lab-mote1,2366,1078066075447,21.3016,38.9401,2.69964
intel-lab-mote1,2367,1078066130441,21.2624,39.1443,2.69964
intel-lab-mote1,2368,1078066189647,21.233,39.1443,2.69964
intel-lab-mote1,2369,1078066279801,21.2232,39.1443,2.69964
intel-lab-mote1,2370,1078066345609,21.2036,39.1783,2.68742
intel-lab-mote1,2371,1078066399769,21.1252,39.62,2.69964
intel-lab-mote1,2372,1078066491873,21.1252,39.5521,2.69964
intel-lab-mote1,2373,1078066524253,21.1056,39.7557,2.68742
intel-lab-mote1,2374,1078066549778,21.1056,39.586,2.68742
intel-lab-mote1,2375,1078066580314,21.086,39.5521,2.69964
intel-lab-mote1,2376,1078066613857,21.086,39.5521,2.69964
intel-lab-mote1,2377,1078066639496,21.086,39.5521,2.69964
intel-lab-mote1,2378,1078066669740,21.0762,39.6539,2.68742
intel-lab-mote1,2379,1078066704234,21.0664,39.6878,2.69964
intel-lab-mote1,2380,1078066731465,21.0664,39.6878,2.68742
intel-lab-mote1,2381,1078066759675,21.0468,39.7557,2.69964
intel-lab-mote1,2382,1078066793567,21.0076,39.7557,2.69964
intel-lab-mote1,2383,1078066819725,20.988,39.8574,2.69964
intel-lab-mote1,2384,1078066879716,20.9586,39.9929,2.69964
intel-lab-mote1,2385,1078067034485,20.9684,39.8913,2.68742
intel-lab-mote1,2386,1078067092632,20.9096,40.0945,2.68742
intel-lab-mote1,2387,1078067120293,20.8998,40.0607,2.68742
intel-lab-mote1,2388,1078067150449,20.8998,40.1961,2.69964
intel-lab-mote1,2389,1078067183815,20.8802,40.1961,2.69964
intel-lab-mote1,2390,1078067210630,20.8704,40.3652,2.68742
intel-lab-mote1,2391,1078067241478,20.8704,40.3652,2.68742
intel-lab-mote1,2392,1078067269743,20.8704,40.2299,2.69964
intel-lab-mote1,2393,1078067304499,20.8704,40.2299,2.69964
intel-lab-mote1,2394,1078067397336,20.8802,40.1284,2.68742
intel-lab-mote1,2395,1078067424551,20.8704,40.1961,2.69964
intel-lab-mote1,2396,1078067450157,20.8802,40.1622,2.68742
intel-lab-mote1,2397,1078067479737,20.8802,40.1622,2.68742
intel-lab-mote1,2398,1078067509806,20.8802,40.1622,2.68742
intel-lab-mote1,2399,1078067543543,20.8704,40.1622,2.68742
intel-lab-mote1,2400,1078067605530,20.8704,40.1622,2.68742
intel-lab-mote1,2401,1078067749991,20.7724,40.2299,2.68742
intel-lab-mote1,2402,1078067872850,20.7332,40.4328,2.68742
intel-lab-mote1,2403,1078067899552,20.7528,40.4328,2.68742
intel-lab-mote1,2404,1078067933397,20.743,40.3652,2.69964
intel-lab-mote1,2405,1078067959934,20.7332,40.4328,2.68742
intel-lab-mote1,2406,1078068019558,20.7332,40.4328,2.68742
intel-lab-mote1,2407,1078068049574,20.7234,40.4328,2.68742
intel-lab-mote1,2408,1078068079594,20.7136,40.399,2.68742
intel-lab-mote1,2409,1078068140202,20.7234,40.568,2.68742
intel-lab-mote1,2410,1078068230861,20.7038,40.6355,2.69964
intel-lab-mote1,2411,1078068264527,20.694,40.7031,2.68742
intel-lab-mote1,2412,1078068289588,20.694,40.7706,2.68742
intel-lab-mote1,2413,1078068386973,20.7038,40.7031,2.69964
intel-lab-mote1,2414,1078068416190,20.694,40.6693,2.68742
intel-lab-mote1,2415,1078068469573,20.6744,40.7031,2.68742
intel-lab-mote1,2416,1078068563654,20.645,40.7706,2.68742
intel-lab-mote1,2417,1078068590797,20.6352,40.7706,2.68742
intel-lab-mote1,2418,1078068658841,20.6254,40.9055,2.69964
intel-lab-mote1,2419,1078068710375,20.6156,40.8381,2.68742
intel-lab-mote1,2420,1078068859608,20.5764,40.9055,2.69964
intel-lab-mote1,2421,1078068982792,20.5568,40.973,2.68742
intel-lab-mote1,2422,1078069044038,20.547,41.0067,2.68742
intel-lab-mote1,2423,1078069072195,20.5372,40.973,2.68742
intel-lab-mote1,2424,1078069102810,20.5176,40.973,2.68742
intel-lab-mote1,2425,1078069132359,20.5078,41.0741,2.68742
intel-lab-mote1,2426,1078069163628,20.498,41.0404,2.68742
intel-lab-mote1,2427,1078069256683,20.449,41.0404,2.69964
intel-lab-mote1,2428,1078069281325,20.4294,41.0741,2.68742
intel-lab-mote1,2429,1078069339805,20.4,41.1751,2.68742
intel-lab-mote1,2430,1078069369625,20.4,41.2425,2.68742
intel-lab-mote1,2431,1078069433531,20.3902,41.2088,2.68742
intel-lab-mote1,2432,1078069462028,20.3804,41.1751,2.68742
intel-lab-mote1,2433,1078069524325,20.3608,41.1751,2.68742
intel-lab-mote1,2434,1078069550735,20.3412,41.2088,2.68742
intel-lab-mote1,2435,1078069581356,20.351,41.3098,2.68742
intel-lab-mote1,2436,1078069611928,20.3412,41.2761,2.68742
intel-lab-mote1,2437,1078069642534,20.3314,41.3098,2.68742
intel-lab-mote1,2438,1078069681215,20.3216,41.3098,2.68742
intel-lab-mote1,2439,1078069703757,20.3412,41.3098,2.68742
intel-lab-mote1,2440,1078069732020,20.3216,41.3435,2.68742
intel-lab-mote1,2441,1078069793239,20.3216,41.3098,2.68742
intel-lab-mote1,2442,1078069854682,20.302,41.3098,2.68742
intel-lab-mote1,2443,1078069880429,20.302,41.2761,2.68742
intel-lab-mote1,2444,1078069909673,20.2922,41.2761,2.68742
intel-lab-mote1,2445,1078070002097,20.2628,41.2425,2.68742
intel-lab-mote1,2446,1078070029726,20.2432,41.3098,2.68742
intel-lab-mote1,2447,1078070063072,20.2432,41.4108,2.67532
intel-lab-mote1,2448,1078070095424,20.253,41.3771,2.68742
intel-lab-mote1,2449,1078070122971,20.2432,41.3771,2.68742
intel-lab-mote1,2450,1078070241221,20.2236,41.3771,2.68742
intel-lab-mote1,2451,1078070270396,20.2334,41.3771,2.68742
intel-lab-mote1,2452,1078070303977,20.2138,41.3771,2.68742
intel-lab-mote1,2453,1078070369983,20.2138,41.4108,2.68742
intel-lab-mote1,2454,1078070389855,20.204,41.4108,2.68742
intel-lab-mote1,2455,1078070426723,20.204,41.4108,2.68742
intel-lab-mote1,2456,1078070452015,20.204,41.4108,2.68742
intel-lab-mote1,2457,1078070510413,20.1844,41.4108,2.68742
intel-lab-mote1,2458,1078070546410,20.1844,41.4108,2.68742
intel-lab-mote1,2459,1078070573111,20.1844,41.3771,2.68742
intel-lab-mote1,2460,1078070632868,20.1746,41.3435,2.68742
intel-lab-mote1,2461,1078070659687,20.1648,41.3771,2.68742
intel-lab-mote1,2462,1078070697258,20.1648,41.3771,2.67532
intel-lab-mote1,2463,1078070719710,20.1746,41.3435,2.68742
intel-lab-mote1,2464,1078070749694,20.1452,41.3098,2.68742
intel-lab-mote1,2465,1078070816635,20.1256,41.2761,2.68742
intel-lab-mote1,2466,1078070839946,20.106,41.2425,2.68742
intel-lab-mote1,2467,1078070869687,20.1158,41.4444,2.67532
intel-lab-mote1,2468,1078070932373,20.0864,41.4444,2.68742
intel-lab-mote1,2469,1078070966530,20.0864,41.478,2.68742
intel-lab-mote1,2470,1078071022102,20.0668,41.5116,2.68742
intel-lab-mote1,2471,1078071056153,20.057,41.3771,2.68742
intel-lab-mote1,2472,1078071079793,20.0472,41.4108,2.69964
intel-lab-mote1,2473,1078071113951,20.0276,41.4108,2.68742
intel-lab-mote1,2474,1078071207223,19.9982,41.6461,2.68742
intel-lab-mote1,2475,1078071237986,20.0276,41.7133,2.68742
intel-lab-mote1,2476,1078071264712,20.0178,41.5789,2.68742
intel-lab-mote1,2477,1078071292983,20.0374,41.5789,2.68742
intel-lab-mote1,2478,1078071319609,20.0276,41.4108,2.68742
intel-lab-mote1,2479,1078071357353,19.9884,41.5789,2.68742
intel-lab-mote1,2480,1078071410525,19.9884,41.5116,2.68742
intel-lab-mote1,2481,1078071501362,19.9884,41.6461,2.68742
intel-lab-mote1,2482,1078071535539,19.9786,41.7133,2.67532
intel-lab-mote1,2483,1078071562934,19.9786,41.6797,2.68742
intel-lab-mote1,2484,1078071594685,19.9688,41.7469,2.68742
intel-lab-mote1,2485,1078071623202,19.959,41.8476,2.68742
intel-lab-mote1,2486,1078071652987,19.9786,41.9147,2.68742
intel-lab-mote1,2487,1078071745037,19.9884,41.8476,2.68742
intel-lab-mote1,2488,1078071895381,19.9884,41.7805,2.68742
intel-lab-mote1,2489,1078071983039,20.008,41.6797,2.68742
intel-lab-mote1,2490,1078072045542,19.9982,41.7133,2.68742
intel-lab-mote1,2491,1078072131030,19.9884,41.6125,2.68742
intel-lab-mote1,2492,1078072160449,19.9884,41.6461,2.68742
intel-lab-mote1,2493,1078072192866,19.9884,41.5789,2.68742
intel-lab-mote1,2494,1078072220519,19.9884,41.6797,2.67532
intel-lab-mote1,2495,1078072259204,19.9786,41.5116,2.68742
intel-lab-mote1,2496,1078072283220,19.9884,41.4444,2.68742
intel-lab-mote1,2497,1078072317964,19.9786,41.4444,2.68742
intel-lab-mote1,2498,1078072371498,19.9786,41.3771,2.68742
intel-lab-mote1,2499,1078072439043,19.9688,41.3771,2.67532
intel-lab-mote1,2500,1078072617372,19.9688,41.7805,2.68742
intel-lab-mote1,2501,1078072645988,19.9492,41.7469,2.67532
intel-lab-mote1,2502,1078072736252,19.9492,41.3771,2.67532
intel-lab-mote1,2503,1078072766405,19.9492,41.4444,2.67532
intel-lab-mote1,2504,1078072797212,19.9394,41.478,2.67532
intel-lab-mote1,2505,1078072821523,19.9492,41.4444,2.67532
intel-lab-mote1,2506,1078072973105,19.91,41.5453,2.68742
intel-lab-mote1,2507,1078073092196,19.9198,41.5116,2.68742
intel-lab-mote1,2508,1078073150524,19.91,41.5116,2.68742
intel-lab-mote1,2509,1078073210696,19.91,41.5116,2.68742
intel-lab-mote1,2510,1078073304681,19.9002,41.5789,2.68742
intel-lab-mote1,2511,1078073334760,19.8904,41.6125,2.68742
intel-lab-mote1,2512,1078073395786,19.8904,41.7805,2.68742
intel-lab-mote1,2513,1078073421423,19.8806,41.7805,2.68742
intel-lab-mote1,2514,1078073543931,19.8806,41.5789,2.67532
intel-lab-mote1,2515,1078073638164,19.8708,41.5116,2.67532
intel-lab-mote1,2516,1078073666532,19.8512,41.5116,2.68742
intel-lab-mote1,2517,1078073693489,19.861,41.5116,2.68742
intel-lab-mote1,2518,1078073728264,19.8512,41.5116,2.68742
intel-lab-mote1,2519,1078073813417,19.8512,41.4444,2.68742
intel-lab-mote1,2520,1078073844921,19.8414,41.478,2.68742
intel-lab-mote1,2521,1078073875065,19.8512,41.4444,2.68742
intel-lab-mote1,2522,1078073900504,19.8512,41.4444,2.68742
intel-lab-mote1,2523,1078073961587,19.8512,41.5116,2.67532
intel-lab-mote1,2524,1078073997179,19.8414,41.5116,2.68742
intel-lab-mote1,2525,1078074024254,19.8512,41.5789,2.68742
intel-lab-mote1,2526,1078074054729,19.8414,41.5789,2.68742
intel-lab-mote1,2527,1078074084312,19.8316,41.6461,2.67532
intel-lab-mote1,2528,1078074149990,19.8022,41.6797,2.68742
intel-lab-mote1,2529,1078074173110,19.7924,41.6461,2.67532
intel-lab-mote1,2530,1078074204732,19.812,41.6125,2.67532
intel-lab-mote1,2531,1078074236334,19.7924,41.6461,2.67532
intel-lab-mote1,2532,1078074260628,19.7924,41.6461,2.67532
intel-lab-mote1,2533,1078074291636,19.7924,41.6797,2.68742
intel-lab-mote1,2534,1078074358297,19.7826,41.6797,2.68742
intel-lab-mote1,2535,1078074379714,19.7826,41.6797,2.67532
intel-lab-mote1,2536,1078074444318,19.7924,41.6461,2.67532
intel-lab-mote1,2537,1078074531792,19.7826,41.6125,2.67532
intel-lab-mote1,2538,1078074565741,19.7826,41.6461,2.68742
intel-lab-mote1,2539,1078074596556,19.7728,41.5789,2.67532
intel-lab-mote1,2540,1078074620486,19.7728,41.6125,2.68742
intel-lab-mote1,2541,1078074655810,19.7924,41.5116,2.68742
intel-lab-mote1,2542,1078074710582,19.763,41.6125,2.67532
intel-lab-mote1,2543,1078074745613,19.7532,41.6461,2.68742
intel-lab-mote1,2544,1078074776527,19.7532,41.6461,2.68742
intel-lab-mote1,2545,1078074805087,19.7532,41.6461,2.67532
intel-lab-mote1,2546,1078074832352,19.7532,41.6797,2.68742
intel-lab-mote1,2547,1078074949739,19.7042,41.6461,2.68742
intel-lab-mote1,2548,1078074985096,19.7042,41.6461,2.67532
intel-lab-mote1,2549,1078075018377,19.714,41.6461,2.68742
intel-lab-mote1,2550,1078075074305,19.714,41.5789,2.68742
intel-lab-mote1,2551,1078075102481,19.7042,41.6461,2.67532
intel-lab-mote1,2552,1078075136031,19.714,41.5789,2.68742
intel-lab-mote1,2553,1078075168328,19.7042,41.5789,2.68742
intel-lab-mote1,2554,1078075190443,19.6944,41.5453,2.67532
intel-lab-mote1,2555,1078075220856,19.7042,41.5789,2.67532
intel-lab-mote1,2556,1078075250323,19.6944,41.5789,2.68742
intel-lab-mote1,2557,1078075279748,19.7042,41.6125,2.67532
intel-lab-mote1,2558,1078075310870,19.714,41.6125,2.67532
intel-lab-mote1,2559,1078075349995,19.6944,41.6125,2.67532
intel-lab-mote1,2560,1078075436438,19.7042,41.6125,2.68742
intel-lab-mote1,2561,1078075464146,19.6846,41.6461,2.67532
intel-lab-mote1,2562,1078075490559,19.6846,41.6461,2.68742
intel-lab-mote1,2563,1078075528581,19.6846,41.6461,2.68742
intel-lab-mote1,2564,1078075580554,19.6846,41.6461,2.67532
intel-lab-mote1,2565,1078075609794,19.6944,41.6461,2.67532
intel-lab-mote1,2566,1078075641419,19.6944,41.6461,2.67532
intel-lab-mote1,2567,1078075729768,19.6748,41.6461,2.68742
intel-lab-mote1,2568,1078075972389,19.6552,41.6461,2.68742
intel-lab-mote1,2569,1078076030639,19.6454,41.6461,2.68742
intel-lab-mote1,2570,1078076090981,19.6356,41.6461,2.68742
intel-lab-mote1,2571,1078076154840,19.6062,41.6461,2.67532
intel-lab-mote1,2572,1078076182420,19.567,41.7133,2.68742
intel-lab-mote1,2573,1078076210779,19.567,41.7133,2.67532
intel-lab-mote1,2574,1078076247626,19.567,41.7133,2.67532
intel-lab-mote1,2575,1078076299814,19.567,41.6461,2.67532
intel-lab-mote1,2576,1078076337549,19.567,41.6461,2.67532
intel-lab-mote1,2577,1078076392459,19.5768,41.5789,2.67532
intel-lab-mote1,2578,1078076489508,19.5866,41.6461,2.67532
intel-lab-mote1,2579,1078076545849,19.5768,41.7133,2.67532
intel-lab-mote1,2580,1078076604397,19.5768,41.7469,2.67532
intel-lab-mote1,2581,1078076630786,19.5866,41.7805,2.68742
intel-lab-mote1,2582,1078076691575,19.5768,41.6461,2.67532
intel-lab-mote1,2583,1078076750640,19.5768,41.6797,2.68742
intel-lab-mote1,2584,1078076783688,19.5768,41.7469,2.67532
intel-lab-mote1,2585,1078076850675,19.5572,41.7133,2.66332
intel-lab-mote1,2586,1078076879205,19.567,41.6797,2.68742
intel-lab-mote1,2587,1078076901322,19.567,41.6797,2.68742
intel-lab-mote1,2588,1078076931176,19.5572,41.7133,2.68742
intel-lab-mote1,2589,1078077028532,19.5572,41.7133,2.67532
intel-lab-mote1,2590,1078077053211,19.5572,41.6797,2.68742
intel-lab-mote1,2591,1078077110772,19.5572,41.6461,2.68742
intel-lab-mote1,2592,1078077179512,19.5376,41.6461,2.67532
intel-lab-mote1,2593,1078077267748,19.4984,41.7133,2.67532
intel-lab-mote1,2594,1078077328697,19.5082,41.7133,2.68742
intel-lab-mote1,2595,1078077352448,19.518,41.7133,2.67532
intel-lab-mote1,2596,1078077386814,19.5082,41.7133,2.68742
intel-lab-mote1,2597,1078077412790,19.518,41.7133,2.67532
intel-lab-mote1,2598,1078077443305,19.518,41.7133,2.68742
intel-lab-mote1,2599,1078077620361,19.4984,41.6461,2.68742
intel-lab-mote1,2600,1078077714174,19.4984,41.6125,2.67532
intel-lab-mote1,2601,1078077740105,19.4984,41.6461,2.67532
intel-lab-mote1,2602,1078077769912,19.4886,41.6797,2.67532
intel-lab-mote1,2603,1078077837981,19.4788,41.6461,2.67532
intel-lab-mote1,2604,1078077890590,19.469,41.7133,2.67532
intel-lab-mote1,2605,1078077950600,19.4788,41.7133,2.67532
intel-lab-mote1,2606,1078077981080,19.4592,41.7805,2.67532
intel-lab-mote1,2607,1078078022971,19.4788,41.7805,2.68742
intel-lab-mote1,2608,1078078103228,19.4592,41.7805,2.67532
intel-lab-mote1,2609,1078078132404,19.4592,41.7805,2.67532
intel-lab-mote1,2610,1078078163360,19.4592,41.814,2.67532
intel-lab-mote1,2611,1078078193381,19.4396,41.7469,2.68742
intel-lab-mote1,2612,1078078310398,19.42,41.7805,2.68742
intel-lab-mote1,2613,1078078404360,19.4004,41.814,2.67532
intel-lab-mote1,2614,1078078519898,19.3808,41.814,2.67532
intel-lab-mote1,2615,1078078549917,19.3808,41.814,2.67532
intel-lab-mote1,2616,1078078580897,19.371,41.814,2.67532
intel-lab-mote1,2617,1078078613323,19.371,41.814,2.67532
intel-lab-mote1,2618,1078078641417,19.3808,41.814,2.67532
intel-lab-mote1,2619,1078078704628,19.3612,41.814,2.67532
intel-lab-mote1,2620,1078078730930,19.3612,41.814,2.67532
intel-lab-mote1,2621,1078078825440,19.3514,41.7805,2.67532
intel-lab-mote1,2622,1078078858534,19.3514,41.7469,2.68742
intel-lab-mote1,2623,1078078910980,19.3416,41.7133,2.67532
intel-lab-mote1,2624,1078078946552,19.3416,41.7805,2.67532
intel-lab-mote1,2625,1078078978495,19.3416,41.814,2.67532
intel-lab-mote1,2626,1078079034435,19.3318,41.8812,2.68742
intel-lab-mote1,2627,1078079094312,19.3122,41.9147,2.67532
intel-lab-mote1,2628,1078079126821,19.3416,41.8476,2.67532
intel-lab-mote1,2629,1078079185393,19.3122,41.8476,2.67532
intel-lab-mote1,2630,1078079215183,19.322,41.8476,2.67532
intel-lab-mote1,2631,1078079299984,19.322,41.8476,2.67532
intel-lab-mote1,2632,1078079334471,19.322,41.8476,2.67532
intel-lab-mote1,2633,1078079364957,19.322,41.8476,2.67532
intel-lab-mote1,2634,1078079420969,19.322,41.8476,2.67532
intel-lab-mote1,2635,1078079452494,19.3024,41.8476,2.67532
intel-lab-mote1,2636,1078079482665,19.3024,41.8476,2.67532
intel-lab-mote1,2637,1078079579794,19.3024,41.814,2.67532
intel-lab-mote1,2638,1078079602739,19.3024,41.7805,2.67532
intel-lab-mote1,2639,1078079635136,19.3024,41.814,2.67532
intel-lab-mote1,2640,1078079665777,19.3024,41.7805,2.67532
intel-lab-mote1,2641,1078079723459,19.3024,41.7805,2.67532
intel-lab-mote1,2642,1078079752450,19.3024,41.7469,2.67532
intel-lab-mote1,2643,1078079839972,19.2828,41.7133,2.67532
intel-lab-mote1,2644,1078079880368,19.2828,41.7133,2.67532
intel-lab-mote1,2645,1078079905228,19.2828,41.7133,2.67532
intel-lab-mote1,2646,1078079959975,19.2632,41.7133,2.68742
intel-lab-mote1,2647,1078080021589,19.273,41.7133,2.67532
intel-lab-mote1,2648,1078080140713,19.2632,41.7133,2.67532
intel-lab-mote1,2649,1078080232476,19.2534,41.814,2.67532
intel-lab-mote1,2650,1078080320758,19.2338,41.7805,2.66332
intel-lab-mote1,2651,1078080353403,19.2436,41.8476,2.68742
intel-lab-mote1,2652,1078080441023,19.2436,41.8476,2.68742
intel-lab-mote1,2653,1078080500242,19.2436,41.814,2.67532
intel-lab-mote1,2654,1078080710945,19.224,41.8476,2.67532
intel-lab-mote1,2655,1078080743189,19.224,41.8476,2.67532
intel-lab-mote1,2656,1078080770015,19.2338,41.814,2.67532
intel-lab-mote1,2657,1078080800307,19.224,41.814,2.67532
intel-lab-mote1,2658,1078080831559,19.224,41.7805,2.67532
intel-lab-mote1,2659,1078080954593,19.224,41.7133,2.67532
intel-lab-mote1,2660,1078081100521,19.1554,41.8476,2.67532
intel-lab-mote1,2661,1078081167487,19.1652,41.814,2.67532
intel-lab-mote1,2662,1078081220575,19.1652,41.7469,2.67532
intel-lab-mote1,2663,1078081280126,19.1652,41.814,2.67532
intel-lab-mote1,2664,1078081310293,19.1652,41.814,2.67532
intel-lab-mote1,2665,1078081370682,19.175,41.8476,2.67532
intel-lab-mote1,2666,1078081399900,19.1848,41.7133,2.67532
intel-lab-mote1,2667,1078081430810,19.1652,41.814,2.67532
intel-lab-mote1,2668,1078081462661,19.1652,41.814,2.67532
intel-lab-mote1,2669,1078081500170,19.1652,41.8476,2.67532
intel-lab-mote1,2670,1078081523444,19.1652,41.8476,2.67532
intel-lab-mote1,2671,1078081555121,19.1554,41.8812,2.67532
intel-lab-mote1,2672,1078081609923,19.1554,41.8476,2.67532
intel-lab-mote1,2673,1078081640995,19.1456,41.8476,2.67532
intel-lab-mote1,2674,1078081671780,19.1456,41.8476,2.67532
intel-lab-mote1,2675,1078081710691,19.1456,41.9147,2.66332
intel-lab-mote1,2676,1078081793355,19.1456,41.9147,2.67532
intel-lab-mote1,2677,1078081821841,19.1456,41.9147,2.67532
intel-lab-mote1,2678,1078081854406,19.1456,41.9147,2.66332
intel-lab-mote1,2679,1078081888372,19.1358,41.9147,2.66332
intel-lab-mote1,2680,1078081914437,19.1456,41.9147,2.67532
intel-lab-mote1,2681,1078081939914,19.1456,41.9147,2.67532
intel-lab-mote1,2682,1078082006357,19.1456,41.9147,2.67532
intel-lab-mote1,2683,1078082038638,19.1456,41.8812,2.67532
intel-lab-mote1,2684,1078082071098,19.1456,41.9147,2.67532
intel-lab-mote1,2685,1078082090458,19.1456,41.8812,2.67532
intel-lab-mote1,2686,1078082128085,19.1358,41.8476,2.67532
intel-lab-mote1,2687,1078082155481,19.126,41.8476,2.67532
intel-lab-mote1,2688,1078082181723,19.1456,41.8476,2.67532
intel-lab-mote1,2689,1078082247230,19.1358,41.8476,2.67532
intel-lab-mote1,2690,1078082276069,19.1358,41.7805,2.67532
intel-lab-mote1,2691,1078082341228,19.1456,41.814,2.67532
intel-lab-mote1,2692,1078082450000,19.1064,41.8476,2.67532
intel-lab-mote1,2693,1078082510026,19.0868,41.7805,2.67532
intel-lab-mote1,2694,1078082547491,19.0966,41.8476,2.67532
intel-lab-mote1,2695,1078082691650,19.0868,41.8812,2.67532
intel-lab-mote1,2696,1078082728108,19.0966,41.9483,2.67532
intel-lab-mote1,2697,1078082750722,19.0868,41.9147,2.67532
intel-lab-mote1,2698,1078082780847,19.0868,41.9147,2.67532
intel-lab-mote1,2699,1078082845377,19.0966,41.9147,2.66332
intel-lab-mote1,2700,1078082876259,19.0966,41.9818,2.67532
intel-lab-mote1,2701,1078082904378,19.0868,41.9147,2.67532
intel-lab-mote1,2702,1078082936363,19.1064,41.9483,2.67532
intel-lab-mote1,2703,1078083081640,19.077,41.9483,2.67532
intel-lab-mote1,2704,1078083230849,19.077,41.9147,2.67532
intel-lab-mote1,2705,1078083291205,19.0868,41.9147,2.67532
intel-lab-mote1,2706,1078083327447,19.0868,41.9147,2.67532
intel-lab-mote1,2707,1078083350816,19.077,41.9147,2.67532
intel-lab-mote1,2708,1078083446661,19.0672,41.8812,2.67532
intel-lab-mote1,2709,1078083529989,19.0672,41.8476,2.67532
intel-lab-mote1,2710,1078083563916,19.0574,41.8476,2.66332
intel-lab-mote1,2711,1078083714461,19.0476,41.8476,2.67532
intel-lab-mote1,2712,1078083774539,19.0574,41.7805,2.67532
intel-lab-mote1,2713,1078083836419,19.0476,41.814,2.67532
intel-lab-mote1,2714,1078083866311,19.0476,41.7805,2.67532
intel-lab-mote1,2715,1078083890891,19.0476,41.8476,2.67532
intel-lab-mote1,2716,1078083951793,19.0574,41.814,2.66332
intel-lab-mote1,2717,1078084010926,19.0574,41.9147,2.67532
intel-lab-mote1,2718,1078084074378,19.0574,41.8476,2.67532
intel-lab-mote1,2719,1078084161710,19.0574,41.9147,2.67532
intel-lab-mote1,2720,1078084198256,19.0574,41.9147,2.67532
intel-lab-mote1,2721,1078084222688,19.0476,41.8812,2.67532
intel-lab-mote1,2722,1078084255598,19.0476,41.9147,2.67532
intel-lab-mote1,2723,1078084319001,19.0476,41.9483,2.67532
intel-lab-mote1,2724,1078084346700,19.0476,41.9147,2.67532
intel-lab-mote1,2725,1078084407062,19.0476,41.9818,2.67532
intel-lab-mote1,2726,1078084439363,19.0476,41.9147,2.66332
intel-lab-mote1,2727,1078084467157,19.0378,41.9483,2.67532
intel-lab-mote1,2728,1078084498548,19.028,41.9818,2.67532
intel-lab-mote1,2729,1078084524869,19.0182,41.9818,2.67532
intel-lab-mote1,2730,1078084555580,19.0084,41.9818,2.67532
intel-lab-mote1,2731,1078084582695,19.0084,41.9818,2.67532
intel-lab-mote1,2732,1078084618366,18.9986,41.9818,2.67532
intel-lab-mote1,2733,1078084640126,18.9986,41.9483,2.67532
intel-lab-mote1,2734,1078084731096,19.0182,41.8812,2.67532
intel-lab-mote1,2735,1078084793622,19.0084,41.8812,2.67532
intel-lab-mote1,2736,1078084851763,19.0084,41.8812,2.66332
intel-lab-mote1,2737,1078084884495,19.0084,41.9147,2.67532
intel-lab-mote1,2738,1078084911023,18.9986,41.9147,2.67532
intel-lab-mote1,2739,1078084972490,18.9692,41.9147,2.67532
intel-lab-mote1,2740,1078085005484,18.979,41.9818,2.67532
intel-lab-mote1,2741,1078085031830,18.9888,41.9818,2.67532
intel-lab-mote1,2742,1078085063488,18.9888,41.9483,2.67532
intel-lab-mote1,2743,1078085153059,18.9986,41.9147,2.67532
intel-lab-mote1,2744,1078085183621,18.9888,41.9483,2.67532
intel-lab-mote1,2745,1078085240063,18.9888,42.0154,2.67532
intel-lab-mote1,2746,1078085275679,18.979,41.9818,2.66332
intel-lab-mote1,2747,1078085335491,18.9888,42.0489,2.67532
intel-lab-mote1,2748,1078085367615,18.9888,42.0154,2.67532
intel-lab-mote1,2749,1078085450999,18.9888,42.0154,2.67532
intel-lab-mote1,2750,1078085512960,18.979,42.0489,2.67532
intel-lab-mote1,2751,1078085541981,18.9692,42.0489,2.67532
intel-lab-mote1,2752,1078085570177,18.979,42.0489,2.67532
intel-lab-mote1,2753,1078085691146,18.9692,42.0489,2.67532
intel-lab-mote1,2754,1078085752625,18.979,42.0154,2.67532
intel-lab-mote1,2755,1078085787318,18.9692,42.0154,2.67532
intel-lab-mote1,2756,1078085815581,18.9594,41.9818,2.67532
intel-lab-mote1,2757,1078085844668,18.9594,41.9818,2.67532
intel-lab-mote1,2758,1078085875504,18.9692,41.9818,2.66332
intel-lab-mote1,2759,1078085901705,18.9692,41.9818,2.66332
intel-lab-mote1,2760,1078086024657,18.979,41.9147,2.67532
intel-lab-mote1,2761,1078086057925,18.979,41.9147,2.67532
intel-lab-mote1,2762,1078086080816,18.9594,41.9147,2.67532
intel-lab-mote1,2763,1078086116803,18.979,41.8812,2.67532
intel-lab-mote1,2764,1078086151471,18.9692,41.9147,2.66332
intel-lab-mote1,2765,1078086175569,18.9496,41.9147,2.67532
intel-lab-mote1,2766,1078086206740,18.9496,41.9147,2.67532
intel-lab-mote1,2767,1078086259980,18.9496,41.9147,2.66332
intel-lab-mote1,2768,1078086291986,18.9496,41.9147,2.67532
intel-lab-mote1,2769,1078086327925,18.9496,41.9147,2.66332
intel-lab-mote1,2770,1078086381806,18.9594,41.8476,2.66332
intel-lab-mote1,2771,1078086423431,18.9496,41.8476,2.67532
intel-lab-mote1,2772,1078086441793,18.9398,41.8812,2.67532
intel-lab-mote1,2773,1078086473900,18.9496,41.9147,2.67532
intel-lab-mote1,2774,1078086502911,18.9398,41.9818,2.67532
intel-lab-mote1,2775,1078086564771,18.9398,41.9483,2.66332
intel-lab-mote1,2776,1078086624699,18.93,42.0489,2.67532
intel-lab-mote1,2777,1078086654890,18.93,42.0824,2.66332
intel-lab-mote1,2778,1078086682017,18.93,42.116,2.67532
intel-lab-mote1,2779,1078086710012,18.93,42.0489,2.66332
intel-lab-mote1,2780,1078086748303,18.9398,42.0489,2.67532
intel-lab-mote1,2781,1078086777940,18.93,42.0824,2.66332
intel-lab-mote1,2782,1078086802073,18.9202,42.0824,2.66332
intel-lab-mote1,2783,1078086831177,18.93,42.116,2.66332
intel-lab-mote1,2784,1078086860134,18.93,42.0824,2.66332
intel-lab-mote1,2785,1078086896759,18.93,42.0489,2.66332
intel-lab-mote1,2786,1078086953728,18.93,42.0489,2.66332
intel-lab-mote1,2787,1078087019438,18.9104,42.0489,2.67532
intel-lab-mote1,2788,1078087046789,18.9104,42.0489,2.68742
intel-lab-mote1,2789,1078087075697,18.9104,42.0489,2.66332
intel-lab-mote1,2790,1078087101793,18.9006,42.0154,2.67532
intel-lab-mote1,2791,1078087220222,18.9104,41.9818,2.67532
intel-lab-mote1,2792,1078087284649,18.9006,41.9818,2.67532
intel-lab-mote1,2793,1078087372820,18.9006,41.9483,2.67532
intel-lab-mote1,2794,1078087461963,18.881,42.0154,2.66332
intel-lab-mote1,2795,1078087490037,18.8908,41.9818,2.66332
intel-lab-mote1,2796,1078087525699,18.881,42.0154,2.66332
intel-lab-mote1,2797,1078087556580,18.8712,41.9818,2.66332
intel-lab-mote1,2798,1078087581909,18.8908,41.9818,2.67532
intel-lab-mote1,2799,1078087640045,18.8908,42.0489,2.67532
intel-lab-mote1,2800,1078087790066,18.8908,42.0489,2.67532
intel-lab-mote1,2801,1078087856817,18.8712,42.1495,2.66332
intel-lab-mote1,2802,1078087880569,18.8712,42.183,2.67532
intel-lab-mote1,2803,1078087910062,18.8614,42.183,2.67532
intel-lab-mote1,2804,1078087940315,18.8712,42.2165,2.67532
intel-lab-mote1,2805,1078087970063,18.8614,42.2165,2.66332
intel-lab-mote1,2806,1078088030882,18.8712,42.183,2.67532
intel-lab-mote1,2807,1078088060451,18.8712,42.116,2.67532
intel-lab-mote1,2808,1078088090232,18.881,42.183,2.67532
intel-lab-mote1,2809,1078088120076,18.8908,42.1495,2.67532
intel-lab-mote1,2810,1078088151867,18.8908,42.1495,2.67532
intel-lab-mote1,2811,1078088183736,18.881,42.1495,2.66332
intel-lab-mote1,2812,1078088210074,18.8908,42.116,2.67532
intel-lab-mote1,2813,1078088306454,18.8908,42.116,2.67532
intel-lab-mote1,2814,1078088336684,18.8908,42.116,2.67532
intel-lab-mote1,2815,1078088360877,18.881,42.0824,2.66332
intel-lab-mote1,2816,1078088390085,18.8712,42.0824,2.66332
intel-lab-mote1,2817,1078088420217,18.8712,42.0824,2.67532
intel-lab-mote1,2818,1078088544800,18.8614,42.0489,2.67532
intel-lab-mote1,2819,1078088578591,18.8712,42.0154,2.67532
intel-lab-mote1,2820,1078088603902,18.8712,42.0489,2.67532
intel-lab-mote1,2821,1078088720098,18.8614,42.0824,2.66332
intel-lab-mote1,2822,1078088753829,18.8614,42.0824,2.67532
intel-lab-mote1,2823,1078088780866,18.8712,42.116,2.67532
intel-lab-mote1,2824,1078088812343,18.8516,42.116,2.66332
intel-lab-mote1,2825,1078088901024,18.8516,42.116,2.67532
intel-lab-mote1,2826,1078088937334,18.8516,42.116,2.66332
intel-lab-mote1,2827,1078088964561,18.832,42.1495,2.67532
intel-lab-mote1,2828,1078088990882,18.8418,42.183,2.67532
intel-lab-mote1,2829,1078089020623,18.8418,42.2165,2.67532
intel-lab-mote1,2830,1078089050991,18.832,42.25,2.67532
intel-lab-mote1,2831,1078089143814,18.832,42.25,2.67532
intel-lab-mote1,2832,1078089178822,18.8222,42.317,2.67532
intel-lab-mote1,2833,1078089269749,18.832,42.2835,2.67532
intel-lab-mote1,2834,1078089303866,18.832,42.25,2.66332
intel-lab-mote1,2835,1078089326047,18.832,42.25,2.67532
intel-lab-mote1,2836,1078089353933,18.8418,42.317,2.67532
intel-lab-mote1,2837,1078089380132,18.8516,42.25,2.67532
intel-lab-mote1,2838,1078089410385,18.8516,42.25,2.66332
intel-lab-mote1,2839,1078089447575,18.832,42.25,2.67532
intel-lab-mote1,2840,1078089470270,18.832,42.2165,2.67532
intel-lab-mote1,2841,1078089626757,18.8418,42.183,2.67532
intel-lab-mote1,2842,1078089656680,18.8418,42.183,2.67532
intel-lab-mote1,2843,1078089680134,18.8418,42.1495,2.67532
intel-lab-mote1,2844,1078089717191,18.832,42.116,2.67532
intel-lab-mote1,2845,1078089747603,18.8418,42.1495,2.67532
intel-lab-mote1,2846,1078089780137,18.832,42.116,2.66332
intel-lab-mote1,2847,1078089808745,18.832,42.116,2.67532
intel-lab-mote1,2848,1078089831121,18.832,42.116,2.66332
intel-lab-mote1,2849,1078089865807,18.832,42.116,2.67532
intel-lab-mote1,2850,1078089898217,18.832,42.1495,2.66332
intel-lab-mote1,2851,1078089953857,18.8222,42.1495,2.67532
intel-lab-mote1,2852,1078089987810,18.8222,42.1495,2.67532
intel-lab-mote1,2853,1078090220157,18.8124,42.183,2.67532
intel-lab-mote1,2854,1078090250228,18.8222,42.25,2.66332
intel-lab-mote1,2855,1078090315801,18.8222,42.25,2.66332
intel-lab-mote1,2856,1078090344177,18.8124,42.25,2.67532
intel-lab-mote1,2857,1078090402856,18.832,42.317,2.67532
intel-lab-mote1,2858,1078090461078,18.832,42.25,2.66332
intel-lab-mote1,2859,1078090617471,18.8222,42.2835,2.66332
intel-lab-mote1,2860,1078090677777,18.8124,42.25,2.67532
intel-lab-mote1,2861,1078090732035,18.8124,42.2165,2.67532
intel-lab-mote1,2862,1078090763810,18.832,42.25,2.67532
intel-lab-mote1,2863,1078090825642,18.8222,42.183,2.65143
intel-lab-mote1,2864,1078090881003,18.8222,42.183,2.67532
intel-lab-mote1,2865,1078090911281,18.8222,42.183,2.67532
intel-lab-mote1,2866,1078090944848,18.832,42.1495,2.66332
intel-lab-mote1,2867,1078090975807,18.8124,42.116,2.66332
intel-lab-mote1,2868,1078091035465,18.8124,42.116,2.67532
intel-lab-mote1,2869,1078091062438,18.8222,42.116,2.67532
intel-lab-mote1,2870,1078091099082,18.8222,42.1495,2.67532
intel-lab-mote1,2871,1078091150927,18.7928,42.183,2.67532
intel-lab-mote1,2872,1078091218176,18.7928,42.116,2.66332
intel-lab-mote1,2873,1078091241314,18.8124,42.1495,2.67532
intel-lab-mote1,2874,1078091273179,18.7928,42.183,2.67532
intel-lab-mote1,2875,1078091420984,18.7928,42.183,2.67532
intel-lab-mote1,2876,1078091457986,18.7928,42.2165,2.66332
intel-lab-mote1,2877,1078091493025,18.7928,42.317,2.67532
intel-lab-mote1,2878,1078091607938,18.7928,42.317,2.67532
intel-lab-mote1,2879,1078091633988,18.7928,42.317,2.67532
intel-lab-mote1,2880,1078091667972,18.8026,42.2835,2.67532
intel-lab-mote1,2881,1078091694748,18.7928,42.3505,2.67532
intel-lab-mote1,2882,1078091721542,18.7928,42.384,2.67532
intel-lab-mote1,2883,1078091751148,18.8026,42.317,2.66332
intel-lab-mote1,2884,1078091819118,18.8026,42.317,2.66332
intel-lab-mote1,2885,1078091873010,18.7928,42.3505,2.66332
intel-lab-mote1,2886,1078091910575,18.7928,42.3505,2.65143
intel-lab-mote1,2887,1078091933232,18.783,42.3505,2.67532
intel-lab-mote1,2888,1078091964303,18.7732,42.384,2.66332
intel-lab-mote1,2889,1078092027123,18.7438,42.3505,2.67532
intel-lab-mote1,2890,1078092054864,18.7536,42.3505,2.66332
intel-lab-mote1,2891,1078092084064,18.7536,42.3505,2.67532
intel-lab-mote1,2892,1078092110245,18.7536,42.3505,2.66332
intel-lab-mote1,2893,1078092144253,18.7634,42.317,2.66332
intel-lab-mote1,2894,1078092176874,18.7634,42.2835,2.66332
intel-lab-mote1,2895,1078092212646,18.7732,42.25,2.66332
intel-lab-mote1,2896,1078092239691,18.7634,42.25,2.67532
intel-lab-mote1,2897,1078092267788,18.7536,42.2835,2.66332
intel-lab-mote1,2898,1078092294071,18.7536,42.25,2.66332
intel-lab-mote1,2899,1078092322043,18.7536,42.25,2.67532
intel-lab-mote1,2900,1078092385144,18.734,42.317,2.66332
intel-lab-mote1,2901,1078092451058,18.7242,42.384,2.67532
intel-lab-mote1,2902,1078092480271,18.734,42.317,2.66332
intel-lab-mote1,2903,1078092505860,18.7144,42.317,2.66332
intel-lab-mote1,2904,1078092536315,18.7242,42.2835,2.66332
intel-lab-mote1,2905,1078092566978,18.7242,42.3505,2.67532
intel-lab-mote1,2906,1078092590283,18.7242,42.384,2.67532
intel-lab-mote1,2907,1078092662186,18.734,42.317,2.66332
intel-lab-mote1,2908,1078092688882,18.734,42.317,2.66332
intel-lab-mote1,2909,1078092710376,18.7438,42.3505,2.66332
intel-lab-mote1,2910,1078092744956,18.734,42.4844,2.66332
intel-lab-mote1,2911,1078092780815,18.7242,42.4509,2.66332
intel-lab-mote1,2912,1078092806966,18.7242,42.4509,2.67532
intel-lab-mote1,2913,1078092838111,18.7242,42.4509,2.65143
intel-lab-mote1,2914,1078092922140,18.7144,42.5178,2.67532
intel-lab-mote1,2915,1078092953131,18.734,42.384,2.67532
intel-lab-mote1,2916,1078093015999,18.7242,42.4509,2.67532
intel-lab-mote1,2917,1078093042994,18.734,42.5178,2.67532
intel-lab-mote1,2918,1078093074041,18.7242,42.4509,2.66332
intel-lab-mote1,2919,1078093102948,18.734,42.4509,2.66332
intel-lab-mote1,2920,1078093131449,18.7438,42.4174,2.66332
intel-lab-mote1,2921,1078093168048,18.7242,42.4509,2.67532
intel-lab-mote1,2922,1078093200383,18.7144,42.4509,2.66332
intel-lab-mote1,2923,1078093400870,18.734,42.3505,2.67532
intel-lab-mote1,2924,1078093591837,18.7144,42.384,2.67532
intel-lab-mote1,2925,1078093616076,18.7046,42.384,2.66332
intel-lab-mote1,2926,1078093741558,18.6948,42.384,2.67532
intel-lab-mote1,2927,1078093790500,18.7046,42.384,2.65143
intel-lab-mote1,2928,1078093917104,18.7046,42.4509,2.66332
intel-lab-mote1,2929,1078093977221,18.685,42.5178,2.66332
intel-lab-mote1,2930,1078094039042,18.6948,42.5513,2.67532
intel-lab-mote1,2931,1078094066489,18.6752,42.5513,2.67532
intel-lab-mote1,2932,1078094100057,18.6752,42.5847,2.66332
intel-lab-mote1,2933,1078094126161,18.6948,42.5847,2.67532
intel-lab-mote1,2934,1078094181155,18.6752,42.5847,2.67532
intel-lab-mote1,2935,1078094212858,18.685,42.5847,2.66332
intel-lab-mote1,2936,1078094305087,18.6948,42.5847,2.66332
intel-lab-mote1,2937,1078094336922,18.6752,42.5513,2.66332
intel-lab-mote1,2938,1078094368945,18.685,42.5178,2.67532
intel-lab-mote1,2939,1078094393140,18.685,42.5847,2.66332
intel-lab-mote1,2940,1078094452262,18.6752,42.5847,2.67532
intel-lab-mote1,2941,1078094482188,18.6556,42.5847,2.67532
intel-lab-mote1,2942,1078094510231,18.6654,42.5847,2.65143
intel-lab-mote1,2943,1078094547088,18.6654,42.5513,2.67532
intel-lab-mote1,2944,1078094570477,18.6654,42.5178,2.67532
intel-lab-mote1,2945,1078094638073,18.6556,42.5847,2.67532
intel-lab-mote1,2946,1078094668402,18.636,42.5847,2.66332
intel-lab-mote1,2947,1078094692191,18.636,42.5178,2.66332
intel-lab-mote1,2948,1078094727892,18.636,42.4844,2.67532
intel-lab-mote1,2949,1078094751488,18.6458,42.5513,2.66332
intel-lab-mote1,2950,1078094785284,18.636,42.5178,2.66332
intel-lab-mote1,2951,1078094817965,18.636,42.5178,2.67532
intel-lab-mote1,2952,1078094848967,18.636,42.5847,2.67532
intel-lab-mote1,2953,1078094871899,18.636,42.5847,2.66332
intel-lab-mote1,2954,1078094931051,18.636,42.5847,2.66332
intel-lab-mote1,2955,1078094990255,18.6262,42.5847,2.67532
intel-lab-mote1,2956,1078095028535,18.636,42.5847,2.66332
intel-lab-mote1,2957,1078095055037,18.636,42.6516,2.67532
intel-lab-mote1,2958,1078095123007,18.6164,42.7519,2.66332
intel-lab-mote1,2959,1078095146470,18.6164,42.685,2.65143
intel-lab-mote1,2960,1078095172329,18.6164,42.7185,2.67532
intel-lab-mote1,2961,1078095210538,18.6164,42.7185,2.66332
intel-lab-mote1,2962,1078095234953,18.6262,42.7185,2.67532
intel-lab-mote1,2963,1078095381070,18.6164,42.7853,2.66332
intel-lab-mote1,2964,1078095417535,18.6164,42.7185,2.65143
intel-lab-mote1,2965,1078095447551,18.6164,42.7185,2.67532
intel-lab-mote1,2966,1078095471062,18.6262,42.7185,2.67532
intel-lab-mote1,2967,1078095503229,18.6262,42.685,2.67532
intel-lab-mote1,2968,1078095562082,18.6262,42.6182,2.66332
intel-lab-mote1,2969,1078095593301,18.6262,42.6516,2.66332
intel-lab-mote1,2970,1078095652181,18.6164,42.6516,2.66332
intel-lab-mote1,2971,1078095680310,18.5968,42.7185,2.66332
intel-lab-mote1,2972,1078095712185,18.5968,42.685,2.67532
intel-lab-mote1,2973,1078095741103,18.5968,42.685,2.67532
intel-lab-mote1,2974,1078095780004,18.5968,42.6516,2.66332
intel-lab-mote1,2975,1078095804984,18.5968,42.7185,2.66332
intel-lab-mote1,2976,1078095836106,18.587,42.7185,2.66332
intel-lab-mote1,2977,1078095861414,18.5772,42.6516,2.66332
intel-lab-mote1,2978,1078095893516,18.587,42.6516,2.65143
intel-lab-mote1,2979,1078095958160,18.587,42.6516,2.66332
intel-lab-mote1,2980,1078095987747,18.5968,42.5847,2.66332
intel-lab-mote1,2981,1078096053957,18.5968,42.5847,2.66332
intel-lab-mote1,2982,1078096074217,18.5968,42.6516,2.66332
intel-lab-mote1,2983,1078096106062,18.5968,42.6516,2.66332
intel-lab-mote1,2984,1078096131147,18.5772,42.7185,2.66332
intel-lab-mote1,2985,1078096163296,18.5772,42.7519,2.67532
intel-lab-mote1,2986,1078096191162,18.5772,42.7519,2.66332
intel-lab-mote1,2987,1078096232143,18.5674,42.7853,2.66332
intel-lab-mote1,2988,1078096260174,18.5576,42.8521,2.66332
intel-lab-mote1,2989,1078096280300,18.5576,42.8521,2.66332
intel-lab-mote1,2990,1078096321269,18.5478,42.8521,2.66332
intel-lab-mote1,2991,1078096345052,18.5576,42.8521,2.67532
intel-lab-mote1,2992,1078096437364,18.5772,42.7853,2.67532
intel-lab-mote1,2993,1078096460560,18.5772,42.7853,2.66332
intel-lab-mote1,2994,1078096524163,18.5576,42.8521,2.67532
intel-lab-mote1,2995,1078096550579,18.538,42.8855,2.66332
intel-lab-mote1,2996,1078096795022,18.5478,42.7853,2.66332
intel-lab-mote1,2997,1078096851226,18.5576,42.7185,2.65143
intel-lab-mote1,2998,1078096884181,18.5478,42.8187,2.65143
intel-lab-mote1,2999,1078096917487,18.538,42.8521,2.66332
intel-lab-mote1,3000,1078097005079,18.5184,42.8187,2.67532
intel-lab-mote1,3001,1078097061563,18.5086,42.8187,2.66332
intel-lab-mote1,3002,1078097096253,18.5086,42.8855,2.66332
intel-lab-mote1,3003,1078097154457,18.4988,42.8521,2.66332
intel-lab-mote1,3004,1078097183256,18.4988,42.8855,2.66332
intel-lab-mote1,3005,1078097332239,18.4988,42.8521,2.66332
intel-lab-mote1,3006,1078097367062,18.489,42.9856,2.66332
intel-lab-mote1,3007,1078097395284,18.489,43.019,2.66332
intel-lab-mote1,3008,1078097453285,18.4792,43.0524,2.67532
intel-lab-mote1,3009,1078097484426,18.4988,43.019,2.66332
intel-lab-mote1,3010,1078097514337,18.4988,42.9856,2.65143
intel-lab-mote1,3011,1078097543511,18.4988,42.9856,2.67532
intel-lab-mote1,3012,1078097576209,18.489,43.0858,2.65143
intel-lab-mote1,3013,1078097696427,18.4988,43.0524,2.66332
intel-lab-mote1,3014,1078097722314,18.4988,43.0524,2.66332
intel-lab-mote1,3015,1078097754315,18.4792,42.9856,2.66332
intel-lab-mote1,3016,1078097822541,18.489,43.019,2.66332
intel-lab-mote1,3017,1078097841600,18.4792,43.019,2.66332
intel-lab-mote1,3018,1078097870428,18.4792,43.0858,2.65143
intel-lab-mote1,3019,1078097931455,18.4792,43.019,2.66332
intel-lab-mote1,3020,1078097996513,18.4792,42.9523,2.66332
intel-lab-mote1,3021,1078098028256,18.489,42.9189,2.66332
intel-lab-mote1,3022,1078098087571,18.4792,42.9189,2.66332
intel-lab-mote1,3023,1078098115427,18.489,42.9523,2.67532
intel-lab-mote1,3024,1078098149593,18.489,42.9856,2.66332
intel-lab-mote1,3025,1078098180482,18.4792,42.9856,2.66332
intel-lab-mote1,3026,1078098291258,18.4694,42.9189,2.66332
intel-lab-mote1,3027,1078098350275,18.4694,42.9189,2.65143
intel-lab-mote1,3028,1078098380469,18.4694,42.9856,2.66332
intel-lab-mote1,3029,1078098410298,18.4694,42.9856,2.66332
intel-lab-mote1,3030,1078098445673,18.4596,43.019,2.65143
intel-lab-mote1,3031,1078098537574,18.4792,42.9856,2.65143
intel-lab-mote1,3032,1078098573801,18.4694,43.019,2.66332
intel-lab-mote1,3033,1078098595827,18.4694,43.0524,2.66332
intel-lab-mote1,3034,1078098624295,18.4792,43.0524,2.66332
intel-lab-mote1,3035,1078098652300,18.4596,43.0858,2.66332
intel-lab-mote1,3036,1078098718001,18.4792,43.1191,2.65143
intel-lab-mote1,3037,1078098742819,18.4596,43.0858,2.66332
intel-lab-mote1,3038,1078098781220,18.4694,43.0524,2.65143
intel-lab-mote1,3039,1078098807344,18.4792,42.9856,2.66332
intel-lab-mote1,3040,1078098831287,18.4988,42.9189,2.66332
intel-lab-mote1,3041,1078098933739,18.4792,43.0858,2.66332
intel-lab-mote1,3042,1078098952432,18.4596,43.0524,2.66332
intel-lab-mote1,3043,1078099022284,18.4792,43.0858,2.66332
intel-lab-mote1,3044,1078099080144,18.4792,43.0524,2.66332
intel-lab-mote1,3045,1078099131207,18.4596,43.1191,2.66332
intel-lab-mote1,3046,1078099317130,18.4498,43.1191,2.67532
intel-lab-mote1,3047,1078099370458,18.44,43.0858,2.66332
intel-lab-mote1,3048,1078099466606,18.44,43.1191,2.65143
intel-lab-mote1,3049,1078099528379,18.4498,43.0524,2.65143
intel-lab-mote1,3050,1078099550456,18.4302,43.1525,2.66332
intel-lab-mote1,3051,1078099766667,18.44,43.1858,2.66332
intel-lab-mote1,3052,1078099790555,18.4302,43.2525,2.65143
intel-lab-mote1,3053,1078099821292,18.4302,43.2525,2.65143
intel-lab-mote1,3054,1078100031235,18.4302,43.2858,2.67532
intel-lab-mote1,3055,1078100306373,18.391,43.3858,2.66332
intel-lab-mote1,3056,1078100330532,18.391,43.3525,2.65143
intel-lab-mote1,3057,1078100395653,18.391,43.3525,2.65143
intel-lab-mote1,3058,1078100451038,18.391,43.2191,2.65143
intel-lab-mote1,3059,1078100541258,18.3812,43.2858,2.66332
intel-lab-mote1,3060,1078100570505,18.391,43.3191,2.66332
intel-lab-mote1,3061,1078100660373,18.3812,43.3858,2.65143
intel-lab-mote1,3062,1078100699345,18.3616,43.3858,2.66332
intel-lab-mote1,3063,1078100753612,18.3812,43.3525,2.66332
intel-lab-mote1,3064,1078100782379,18.391,43.4524,2.66332
intel-lab-mote1,3065,1078100814475,18.3812,43.4524,2.65143
intel-lab-mote1,3066,1078100845385,18.3714,43.519,2.66332
intel-lab-mote1,3067,1078100876607,18.3714,43.519,2.66332
intel-lab-mote1,3068,1078100908723,18.3616,43.3858,2.65143
intel-lab-mote1,3069,1078100930659,18.3714,43.5855,2.66332
intel-lab-mote1,3070,1078100969717,18.3812,43.5522,2.66332
intel-lab-mote1,3071,1078100992452,18.3812,43.5522,2.65143
intel-lab-mote1,3072,1078101027691,18.3714,43.6521,2.66332
intel-lab-mote1,3073,1078101050560,18.3714,43.5855,2.66332
intel-lab-mote1,3074,1078101082291,18.3616,43.5855,2.66332
intel-lab-mote1,3075,1078101110390,18.3616,43.5855,2.65143
intel-lab-mote1,3076,1078101141608,18.3616,43.6188,2.65143
intel-lab-mote1,3077,1078101171288,18.3616,43.5855,2.66332
intel-lab-mote1,3078,1078101236256,18.3616,43.6188,2.65143
intel-lab-mote1,3079,1078101270598,18.3616,43.5855,2.67532
intel-lab-mote1,3080,1078101291419,18.3616,43.5855,2.65143
intel-lab-mote1,3081,1078101331752,18.342,43.6521,2.65143
intel-lab-mote1,3082,1078101358578,18.3616,43.519,2.65143
intel-lab-mote1,3083,1078101391281,18.3616,43.5855,2.66332
intel-lab-mote1,3084,1078101428141,18.3616,43.519,2.65143
intel-lab-mote1,3085,1078101483422,18.3616,43.5855,2.65143
intel-lab-mote1,3086,1078101508605,18.342,43.5855,2.65143
intel-lab-mote1,3087,1078101571886,18.3322,43.6188,2.66332
intel-lab-mote1,3088,1078101590472,18.3322,43.5855,2.65143
intel-lab-mote1,3089,1078101623432,18.342,43.5522,2.66332
intel-lab-mote1,3090,1078101683411,18.3224,43.6188,2.65143
intel-lab-mote1,3091,1078101740427,18.3322,43.6853,2.65143
intel-lab-mote1,3092,1078101778454,18.3322,43.6188,2.65143
intel-lab-mote1,3093,1078101872336,18.3224,43.6521,2.65143
intel-lab-mote1,3094,1078101929540,18.3126,43.7186,2.65143
intel-lab-mote1,3095,1078101956979,18.3028,43.7851,2.65143
intel-lab-mote1,3096,1078101986667,18.3028,43.8183,2.66332
intel-lab-mote1,3097,1078102018605,18.3028,43.8515,2.65143
intel-lab-mote1,3098,1078102109604,18.3126,43.8515,2.65143
intel-lab-mote1,3099,1078102137365,18.3224,43.8515,2.65143
intel-lab-mote1,3100,1078102163432,18.3126,43.8848,2.65143
intel-lab-mote1,3101,1078102190485,18.3028,43.918,2.65143
intel-lab-mote1,3102,1078102255351,18.3126,43.918,2.65143
intel-lab-mote1,3103,1078102400484,18.2832,43.8515,2.65143
intel-lab-mote1,3104,1078102431562,18.3028,43.8515,2.67532
intel-lab-mote1,3105,1078102463546,18.293,43.918,2.66332
intel-lab-mote1,3106,1078102610474,18.2832,43.7186,2.66332
intel-lab-mote1,3107,1078102640662,18.2832,43.7851,2.65143
intel-lab-mote1,3108,1078102670636,18.3126,43.7186,2.65143
intel-lab-mote1,3109,1078102765381,18.2832,43.7186,2.65143
intel-lab-mote1,3110,1078102825668,18.3126,43.8183,2.66332
intel-lab-mote1,3111,1078102851609,18.3028,43.8515,2.66332
intel-lab-mote1,3112,1078102887453,18.2734,43.8515,2.66332
intel-lab-mote1,3113,1078102913553,18.2734,43.8515,2.65143
intel-lab-mote1,3114,1078102940503,18.2734,43.918,2.65143
intel-lab-mote1,3115,1078102974533,18.2636,43.9844,2.65143
intel-lab-mote1,3116,1078103003394,18.2538,43.9844,2.67532
intel-lab-mote1,3117,1078103060499,18.2636,43.9844,2.66332
intel-lab-mote1,3118,1078103091646,18.2636,44.084,2.66332
intel-lab-mote1,3119,1078103125581,18.2636,43.9844,2.66332
intel-lab-mote1,3120,1078103331003,18.2538,44.0508,2.65143
intel-lab-mote1,3121,1078103361005,18.244,44.1504,2.65143
intel-lab-mote1,3122,1078103397831,18.244,44.1172,2.65143
intel-lab-mote1,3123,1078103422535,18.244,44.1504,2.65143
intel-lab-mote1,3124,1078103484691,18.2538,44.1172,2.66332
intel-lab-mote1,3125,1078103511617,18.2636,44.1504,2.65143
intel-lab-mote1,3126,1078103661150,18.2244,44.1836,2.65143
intel-lab-mote1,3127,1078103751654,18.2244,44.084,2.66332
intel-lab-mote1,3128,1078103818581,18.244,44.084,2.65143
intel-lab-mote1,3129,1078103842376,18.2342,44.1172,2.65143
intel-lab-mote1,3130,1078103933731,18.2146,44.084,2.65143
intel-lab-mote1,3131,1078104051510,18.2146,44.1172,2.65143
intel-lab-mote1,3132,1078104111672,18.2048,44.084,2.65143
intel-lab-mote1,3133,1078104235987,18.2048,44.084,2.65143
intel-lab-mote1,3134,1078104291421,18.2048,44.2168,2.66332
intel-lab-mote1,3135,1078104328008,18.2048,44.1504,2.66332
intel-lab-mote1,3136,1078104531571,18.2048,44.3162,2.65143
intel-lab-mote1,3137,1078104564630,18.2048,44.3825,2.65143
intel-lab-mote1,3138,1078104590562,18.2146,44.3825,2.65143
intel-lab-mote1,3139,1078104624894,18.2146,44.3825,2.65143
intel-lab-mote1,3140,1078104688755,18.2146,44.3494,2.65143
intel-lab-mote1,3141,1078104710641,18.2048,44.3825,2.65143
intel-lab-mote1,3142,1078104746974,18.195,44.3162,2.65143
intel-lab-mote1,3143,1078104805916,18.195,44.3162,2.66332
intel-lab-mote1,3144,1078104839763,18.1852,44.3825,2.65143
intel-lab-mote1,3145,1078104898569,18.1656,44.4157,2.66332
intel-lab-mote1,3146,1078104991282,18.1656,44.3825,2.65143
intel-lab-mote1,3147,1078105026845,18.1558,44.3494,2.65143
intel-lab-mote1,3148,1078105045963,18.1656,44.3825,2.65143
intel-lab-mote1,3149,1078105111591,18.1558,44.2499,2.65143
intel-lab-mote1,3150,1078105139602,18.1656,44.2831,2.65143
intel-lab-mote1,3151,1078105160671,18.1558,44.3162,2.65143
intel-lab-mote1,3152,1078105346985,18.146,44.3825,2.65143
intel-lab-mote1,3153,1078105371457,18.1264,44.4488,2.65143
intel-lab-mote1,3154,1078105406989,18.1362,44.4157,2.65143
intel-lab-mote1,3155,1078105433740,18.1264,44.5151,2.65143
intel-lab-mote1,3156,1078105495630,18.1362,44.4157,2.65143
intel-lab-mote1,3157,1078105520589,18.1264,44.4819,2.65143
intel-lab-mote1,3158,1078105610639,18.1558,44.5151,2.65143
intel-lab-mote1,3159,1078105647859,18.146,44.5813,2.66332
intel-lab-mote1,3160,1078105714052,18.146,44.6475,2.65143
intel-lab-mote1,3161,1078105738898,18.1362,44.5813,2.65143
intel-lab-mote1,3162,1078105850712,18.146,44.5151,2.65143
intel-lab-mote1,3163,1078105887757,18.1264,44.5813,2.65143
intel-lab-mote1,3164,1078105913069,18.1362,44.5151,2.65143
intel-lab-mote1,3165,1078105945755,18.1264,44.5151,2.65143
intel-lab-mote1,3166,1078105970646,18.1264,44.5151,2.65143
intel-lab-mote1,3167,1078106003917,18.1264,44.4488,2.65143
intel-lab-mote1,3168,1078106184583,18.1068,44.4819,2.65143
intel-lab-mote1,3169,1078106312848,18.0774,44.4488,2.65143
intel-lab-mote1,3170,1078106363696,18.0872,44.5151,2.65143
intel-lab-mote1,3171,1078106392734,18.0872,44.4488,2.65143
intel-lab-mote1,3172,1078106483795,18.0676,44.5813,2.65143
intel-lab-mote1,3173,1078106515907,18.0676,44.5813,2.65143
intel-lab-mote1,3174,1078106545701,18.0676,44.5813,2.65143
intel-lab-mote1,3175,1078106577899,18.0578,44.5813,2.66332
intel-lab-mote1,3176,1078106631214,18.048,44.7137,2.65143
intel-lab-mote1,3177,1078106690919,18.048,44.7798,2.65143
intel-lab-mote1,3178,1078106780744,18.048,44.7137,2.65143
intel-lab-mote1,3179,1078106813159,18.0676,44.7137,2.65143
intel-lab-mote1,3180,1078106907062,18.0774,44.7137,2.65143
intel-lab-mote1,3181,1078106990944,18.0676,44.6475,2.65143
intel-lab-mote1,3182,1078107058893,18.048,44.6806,2.65143
intel-lab-mote1,3183,1078107140546,18.0578,44.6475,2.65143
intel-lab-mote1,3184,1078107171727,18.0676,44.5813,2.65143
intel-lab-mote1,3185,1078107264663,18.0676,44.4819,2.65143
intel-lab-mote1,3186,1078107351803,18.048,44.4819,2.65143
intel-lab-mote1,3187,1078107380546,18.0676,44.4488,2.65143
intel-lab-mote1,3188,1078107445931,18.0578,44.5482,2.65143
intel-lab-mote1,3189,1078107480260,18.0382,44.5482,2.65143
intel-lab-mote1,3190,1078107501535,18.0382,44.5813,2.65143
intel-lab-mote1,3191,1078107533641,18.0284,44.5482,2.65143
intel-lab-mote1,3192,1078107590730,18.0284,44.5813,2.65143
intel-lab-mote1,3193,1078107621731,18.0284,44.6144,2.65143
intel-lab-mote1,3194,1078107657320,18.0186,44.6144,2.65143
intel-lab-mote1,3195,1078107683739,18.0284,44.5151,2.65143
intel-lab-mote1,3196,1078107752267,18.0186,44.6475,2.66332
intel-lab-mote1,3197,1078107804863,18.0284,44.7137,2.65143
intel-lab-mote1,3198,1078107866967,18.0088,44.7137,2.65143
intel-lab-mote1,3199,1078107956970,18.0088,44.7798,2.65143
intel-lab-mote1,3200,1078108044991,18.0088,44.7137,2.65143
intel-lab-mote1,3201,1078108078191,18.0088,44.7137,2.65143
intel-lab-mote1,3202,1078108104658,18.0088,44.7137,2.65143
intel-lab-mote1,3203,1078108134613,18.0186,44.6806,2.66332
intel-lab-mote1,3204,1078108193738,18.0186,44.6475,2.65143
intel-lab-mote1,3205,1078108221773,18.0088,44.6475,2.65143
intel-lab-mote1,3206,1078108254740,17.9892,44.6806,2.65143
intel-lab-mote1,3207,1078108283901,17.999,44.6475,2.65143
intel-lab-mote1,3208,1078108313845,17.999,44.6475,2.65143
intel-lab-mote1,3209,1078108342684,18.0088,44.6144,2.65143
intel-lab-mote1,3210,1078108371618,17.9892,44.6144,2.65143
intel-lab-mote1,3211,1078108469096,17.999,44.6144,2.65143
intel-lab-mote1,3212,1078108496804,17.9892,44.5813,2.65143
intel-lab-mote1,3213,1078108523856,17.9892,44.5813,2.65143
intel-lab-mote1,3214,1078108610638,17.9892,44.4488,2.65143
intel-lab-mote1,3215,1078108791034,17.9794,44.5151,2.65143
intel-lab-mote1,3216,1078108826888,17.9892,44.5813,2.65143
intel-lab-mote1,3217,1078108881532,17.9794,44.5482,2.65143
intel-lab-mote1,3218,1078108913759,17.9794,44.6475,2.65143
intel-lab-mote1,3219,1078108945202,17.9696,44.6806,2.65143
intel-lab-mote1,3220,1078109090620,17.9598,44.7798,2.65143
intel-lab-mote1,3221,1078109122168,17.9696,44.7467,2.65143
intel-lab-mote1,3222,1078109153652,17.9696,44.7137,2.65143
intel-lab-mote1,3223,1078109216169,17.999,44.7467,2.65143
intel-lab-mote1,3224,1078109302700,17.9892,44.6806,2.65143
intel-lab-mote1,3225,1078109330636,17.9794,44.6806,2.65143
intel-lab-mote1,3226,1078109365960,17.9794,44.6806,2.65143
intel-lab-mote1,3227,1078109428140,17.9892,44.6475,2.65143
intel-lab-mote1,3228,1078109450675,17.9794,44.6475,2.65143
intel-lab-mote1,3229,1078109544592,17.95,44.6475,2.65143
intel-lab-mote1,3230,1078109632784,17.9598,44.5813,2.65143
intel-lab-mote1,3231,1078109722764,17.9696,44.5813,2.65143
intel-lab-mote1,3232,1078109759249,17.9696,44.5813,2.65143
intel-lab-mote1,3233,1078109788626,17.9794,44.5151,2.65143
intel-lab-mote1,3234,1078109816920,17.9598,44.5813,2.65143
intel-lab-mote1,3235,1078109843810,17.9598,44.5482,2.65143
intel-lab-mote1,3236,1078109873909,17.95,44.5813,2.65143
intel-lab-mote1,3237,1078109900674,17.9598,44.5813,2.65143
intel-lab-mote1,3238,1078109969503,17.95,44.5482,2.65143
intel-lab-mote1,3239,1078110141558,17.95,44.7137,2.65143
intel-lab-mote1,3240,1078110203925,17.9598,44.7467,2.65143
intel-lab-mote1,3241,1078110261878,17.9598,44.7798,2.65143
intel-lab-mote1,3242,1078110324785,17.9206,44.7798,2.66332
intel-lab-mote1,3243,1078110382647,17.9304,44.846,2.65143
intel-lab-mote1,3244,1078110414712,17.9108,44.846,2.65143
intel-lab-mote1,3245,1078110471913,17.9206,44.846,2.65143
intel-lab-mote1,3246,1078110533946,17.9304,44.7798,2.65143
intel-lab-mote1,3247,1078110565916,17.9206,44.7798,2.65143
intel-lab-mote1,3248,1078110652736,17.9304,44.7137,2.66332
intel-lab-mote1,3249,1078110687197,17.95,44.6475,2.65143
intel-lab-mote1,3250,1078110713864,17.9402,44.6806,2.65143
intel-lab-mote1,3251,1078110744192,17.9402,44.6806,2.65143
intel-lab-mote1,3252,1078110774012,17.9304,44.7137,2.65143
intel-lab-mote1,3253,1078110803817,17.9304,44.7137,2.65143
intel-lab-mote1,3254,1078110862706,17.95,44.6806,2.65143
intel-lab-mote1,3255,1078110898168,17.9402,44.6144,2.65143
intel-lab-mote1,3256,1078110926195,17.95,44.6475,2.65143
intel-lab-mote1,3257,1078110980705,17.95,44.6144,2.65143
intel-lab-mote1,3258,1078111019233,17.9696,44.5813,2.65143
intel-lab-mote1,3259,1078111048329,17.9598,44.5813,2.65143
intel-lab-mote1,3260,1078111132776,17.9794,44.6144,2.65143
intel-lab-mote1,3261,1078111167218,17.9696,44.6806,2.65143
intel-lab-mote1,3262,1078111252813,17.9794,44.6806,2.65143
intel-lab-mote1,3263,1078111350550,17.9794,44.7137,2.65143
intel-lab-mote1,3264,1078111378701,17.9892,44.6806,2.65143
intel-lab-mote1,3265,1078111442248,17.9892,44.7137,2.65143
intel-lab-mote1,3266,1078111462834,17.9696,44.7137,2.65143
intel-lab-mote1,3267,1078111492802,17.9892,44.6806,2.65143
intel-lab-mote1,3268,1078111529196,17.9794,44.7137,2.65143
intel-lab-mote1,3269,1078111561137,17.9696,44.7137,2.65143
intel-lab-mote1,3270,1078111592372,17.9696,44.7137,2.65143
intel-lab-mote1,3271,1078111616961,17.9696,44.7467,2.65143
intel-lab-mote1,3272,1078111652706,17.9892,44.6806,2.65143
intel-lab-mote1,3273,1078111681595,17.9696,44.6806,2.65143
intel-lab-mote1,3274,1078111703975,17.9794,44.6806,2.65143
intel-lab-mote1,3275,1078111730857,17.9696,44.7137,2.65143
intel-lab-mote1,3276,1078111761713,17.9696,44.6806,2.65143
intel-lab-mote1,3277,1078111795952,17.95,44.7137,2.65143
intel-lab-mote1,3278,1078111858246,17.95,44.6475,2.65143
intel-lab-mote1,3279,1078111919439,17.9696,44.6806,2.65143
intel-lab-mote1,3280,1078111941752,17.95,44.6144,2.65143
intel-lab-mote1,3281,1078111983665,17.95,44.6144,2.65143
intel-lab-mote1,3282,1078112041963,17.9304,44.6475,2.65143
intel-lab-mote1,3283,1078112064046,17.9304,44.6475,2.65143
intel-lab-mote1,3284,1078112093850,17.9108,44.6806,2.65143
intel-lab-mote1,3285,1078112150759,17.9206,44.6475,2.65143
intel-lab-mote1,3286,1078112272001,17.9108,44.7467,2.65143
intel-lab-mote1,3287,1078112331533,17.9108,44.7798,2.65143
intel-lab-mote1,3288,1078112369408,17.901,44.8129,2.65143
intel-lab-mote1,3289,1078112397255,17.9108,44.846,2.65143
intel-lab-mote1,3290,1078112450648,17.8912,44.879,2.65143
intel-lab-mote1,3291,1078112490923,17.9108,44.879,2.65143
intel-lab-mote1,3292,1078112513949,17.9108,44.879,2.65143
intel-lab-mote1,3293,1078112549603,17.9108,44.9451,2.65143
intel-lab-mote1,3294,1078112571864,17.901,44.9451,2.65143
intel-lab-mote1,3295,1078112630839,17.8912,44.9121,2.65143
intel-lab-mote1,3296,1078112722961,17.901,44.846,2.65143
intel-lab-mote1,3297,1078112991816,17.8716,44.846,2.65143
intel-lab-mote1,3298,1078113061538,17.852,44.8129,2.65143
intel-lab-mote1,3299,1078113083285,17.8618,44.7798,2.65143
intel-lab-mote1,3300,1078113114560,17.852,44.846,2.65143
intel-lab-mote1,3301,1078113150116,17.852,44.8129,2.65143
intel-lab-mote1,3302,1078113178426,17.8422,44.7798,2.65143
intel-lab-mote1,3303,1078113210450,17.8422,44.7467,2.65143
intel-lab-mote1,3304,1078113386345,17.8324,44.9121,2.65143
intel-lab-mote1,3305,1078113413858,17.8226,44.9782,2.65143
intel-lab-mote1,3306,1078113473967,17.8324,44.9451,2.65143
intel-lab-mote1,3307,1078113536157,17.8226,44.9782,2.65143
intel-lab-mote1,3308,1078113831889,17.8226,45.0112,2.65143
intel-lab-mote1,3309,1078113920884,17.8128,45.0112,2.65143
intel-lab-mote1,3310,1078113954102,17.8128,44.9782,2.65143
intel-lab-mote1,3311,1078113981274,17.8128,44.9451,2.65143
intel-lab-mote1,3312,1078114017566,17.8128,44.9451,2.65143
intel-lab-mote1,3313,1078114044614,17.8128,44.9121,2.65143
intel-lab-mote1,3314,1078114082408,17.803,44.9121,2.65143
intel-lab-mote1,3315,1078114105004,17.8128,44.9121,2.65143
intel-lab-mote1,3316,1078114133765,17.8128,44.9451,2.65143
intel-lab-mote1,3317,1078114166326,17.7932,44.9782,2.65143
intel-lab-mote1,3318,1078114190733,17.8128,44.9121,2.65143
intel-lab-mote1,3319,1078114228433,17.803,44.846,2.65143
intel-lab-mote1,3320,1078114251869,17.803,44.9121,2.65143
intel-lab-mote1,3321,1078114282788,17.7834,44.9121,2.65143
intel-lab-mote1,3322,1078114350362,17.7932,44.9121,2.65143
intel-lab-mote1,3323,1078114380677,17.7736,44.9121,2.65143
intel-lab-mote1,3324,1078114403040,17.7736,44.879,2.65143
intel-lab-mote1,3325,1078114465096,17.7932,44.846,2.65143
intel-lab-mote1,3326,1078114526378,17.7736,44.9782,2.65143
intel-lab-mote1,3327,1078114586229,17.7834,45.0112,2.65143
intel-lab-mote1,3328,1078114617521,17.7736,44.9782,2.65143
intel-lab-mote1,3329,1078114643048,17.7736,45.0442,2.65143
intel-lab-mote1,3330,1078114707364,17.754,45.1103,2.65143
intel-lab-mote1,3331,1078114731786,17.754,45.1103,2.65143
intel-lab-mote1,3332,1078114824244,17.7736,45.1103,2.65143
intel-lab-mote1,3333,1078114853963,17.7736,45.0773,2.65143
intel-lab-mote1,3334,1078114893174,17.7736,45.0773,2.65143
intel-lab-mote1,3335,1078114973435,17.7736,45.0773,2.65143
intel-lab-mote1,3336,1078115030761,17.7736,45.0442,2.65143
intel-lab-mote1,3337,1078115064027,17.7638,45.0442,2.65143
intel-lab-mote1,3338,1078115094088,17.7736,44.9782,2.65143
intel-lab-mote1,3339,1078115249764,17.7442,44.9782,2.65143
intel-lab-mote1,3340,1078115274006,17.7344,44.9782,2.65143
intel-lab-mote1,3341,1078115371943,17.7344,44.879,2.65143
intel-lab-mote1,3342,1078115391047,17.7344,44.9121,2.65143
intel-lab-mote1,3343,1078115455117,17.7148,44.9121,2.65143
intel-lab-mote1,3344,1078115480793,17.7148,44.9782,2.65143
intel-lab-mote1,3345,1078115517317,17.7344,44.846,2.65143
intel-lab-mote1,3346,1078115540795,17.7148,45.0112,2.65143
intel-lab-mote1,3347,1078115576360,17.7344,44.9782,2.65143
intel-lab-mote1,3348,1078115607350,17.7148,45.0773,2.65143
intel-lab-mote1,3349,1078115632110,17.705,45.0442,2.65143
intel-lab-mote1,3350,1078115668421,17.6952,45.0442,2.65143
intel-lab-mote1,3351,1078115698938,17.6952,45.1433,2.65143
intel-lab-mote1,3352,1078115721538,17.6756,45.1103,2.65143
intel-lab-mote1,3353,1078115751575,17.6952,45.1103,2.65143
intel-lab-mote1,3354,1078115780806,17.6952,45.1103,2.65143
intel-lab-mote1,3355,1078115819062,17.6952,45.1763,2.65143
intel-lab-mote1,3356,1078115971952,17.6854,45.2093,2.65143
intel-lab-mote1,3357,1078116021607,17.6952,45.1763,2.65143
intel-lab-mote1,3358,1078116210713,17.7148,45.0442,2.65143
intel-lab-mote1,3359,1078116297323,17.7148,45.0442,2.65143
intel-lab-mote1,3360,1078116411345,17.7344,44.9121,2.65143
intel-lab-mote1,3361,1078116501723,17.7442,44.846,2.65143
intel-lab-mote1,3362,1078116531014,17.7344,44.846,2.65143
intel-lab-mote1,3363,1078116620856,17.7148,44.9121,2.65143
intel-lab-mote1,3364,1078116861632,17.6854,45.1103,2.65143
intel-lab-mote1,3365,1078116922880,17.6854,45.2423,2.65143
intel-lab-mote1,3366,1078116957546,17.6952,45.1763,2.65143
intel-lab-mote1,3367,1078116980868,17.6952,45.1433,2.65143
intel-lab-mote1,3368,1078117107422,17.6756,45.2423,2.65143
intel-lab-mote1,3369,1078117133372,17.6854,45.1763,2.65143
intel-lab-mote1,3370,1078117171131,17.6854,45.1103,2.65143
intel-lab-mote1,3371,1078117348198,17.6756,45.0773,2.65143
intel-lab-mote1,3372,1078117407881,17.6756,45.0773,2.65143
intel-lab-mote1,3373,1078117496274,17.656,45.0442,2.65143
intel-lab-mote1,3374,1078117581217,17.6364,45.0773,2.65143
intel-lab-mote1,3375,1078117651867,17.6168,45.1103,2.65143
intel-lab-mote1,3376,1078117701432,17.607,45.1433,2.65143
intel-lab-mote1,3377,1078117731168,17.5972,45.1103,2.65143
intel-lab-mote1,3378,1078117772453,17.5972,45.1763,2.65143
intel-lab-mote1,3379,1078117795452,17.6168,45.0112,2.65143
intel-lab-mote1,3380,1078117855372,17.6168,45.2423,2.65143
intel-lab-mote1,3381,1078118037486,17.5776,45.4402,2.65143
intel-lab-mote1,3382,1078118065339,17.5678,45.4402,2.65143
intel-lab-mote1,3383,1078118090925,17.558,45.5061,2.65143
intel-lab-mote1,3384,1078118150932,17.5482,45.5061,2.63964
intel-lab-mote1,3385,1078118331024,17.558,45.4732,2.65143
intel-lab-mote1,3386,1078118431996,17.5384,45.5391,2.65143
intel-lab-mote1,3387,1078118459676,17.5286,45.5061,2.65143
intel-lab-mote1,3388,1078118485334,17.5188,45.572,2.65143
intel-lab-mote1,3389,1078118512204,17.509,45.5391,2.65143
intel-lab-mote1,3390,1078118547040,17.5188,45.5391,2.65143
intel-lab-mote1,3391,1078118632960,17.4992,45.5391,2.65143
intel-lab-mote1,3392,1078118667680,17.4992,45.5391,2.65143
intel-lab-mote1,3393,1078118690809,17.4796,45.5061,2.65143
intel-lab-mote1,3394,1078118759736,17.4992,45.5061,2.65143
intel-lab-mote1,3395,1078118817638,17.46,45.5391,2.65143
intel-lab-mote1,3396,1078118906242,17.4698,45.6049,2.65143
intel-lab-mote1,3397,1078119021978,17.46,45.6708,2.65143
intel-lab-mote1,3398,1078119056443,17.4502,45.7037,2.65143
intel-lab-mote1,3399,1078119110947,17.46,45.7037,2.65143
intel-lab-mote1,3400,1078119147936,17.46,45.7366,2.65143
intel-lab-mote1,3401,1078119171963,17.4894,45.7695,2.65143
intel-lab-mote1,3402,1078119244639,17.4698,45.8353,2.65143
intel-lab-mote1,3403,1078119356606,17.4894,45.8353,2.65143
intel-lab-mote1,3404,1078119417671,17.4796,45.8353,2.65143
intel-lab-mote1,3405,1078119448366,17.4796,45.8353,2.65143
intel-lab-mote1,3406,1078119479477,17.4796,45.8353,2.65143
intel-lab-mote1,3407,1078119535584,17.4698,45.8682,2.65143
intel-lab-mote1,3408,1078119569774,17.4796,45.8024,2.65143
intel-lab-mote1,3409,1078119601197,17.4796,45.7695,2.65143
intel-lab-mote1,3410,1078119688529,17.4502,45.8024,2.65143
intel-lab-mote1,3411,1078119742129,17.46,45.8353,2.65143
intel-lab-mote1,3412,1078119774242,17.4502,45.8353,2.65143
intel-lab-mote1,3413,1078119924437,17.4404,45.7695,2.65143
intel-lab-mote1,3414,1078119962469,17.4404,45.7695,2.65143
intel-lab-mote1,3415,1078119989941,17.4404,45.7695,2.65143
intel-lab-mote1,3416,1078120071973,17.4208,45.7695,2.65143
intel-lab-mote1,3417,1078120110985,17.4404,45.7695,2.65143
intel-lab-mote1,3418,1078120131990,17.4208,45.9011,2.65143
intel-lab-mote1,3419,1078120165467,17.4208,45.9011,2.65143
intel-lab-mote1,3420,1078120191998,17.4208,46.0326,2.65143
intel-lab-mote1,3421,1078120224193,17.4306,46.0326,2.65143
intel-lab-mote1,3422,1078120285295,17.4208,46.0655,2.63964
intel-lab-mote1,3423,1078120322378,17.4208,46.0655,2.65143
intel-lab-mote1,3424,1078120355932,17.4306,46.0655,2.65143
intel-lab-mote1,3425,1078120405909,17.4502,46.0655,2.65143
intel-lab-mote1,3426,1078120493064,17.4404,46.0655,2.63964
intel-lab-mote1,3427,1078120585911,17.4208,46.0983,2.65143
intel-lab-mote1,3428,1078120707835,17.411,46.0655,2.65143
intel-lab-mote1,3429,1078120741475,17.411,46.0655,2.65143
intel-lab-mote1,3430,1078120766444,17.4012,46.0655,2.63964
intel-lab-mote1,3431,1078120794117,17.4012,46.0655,2.63964
intel-lab-mote1,3432,1078120825214,17.411,46.0655,2.65143
intel-lab-mote1,3433,1078120854258,17.4012,46.0655,2.63964
intel-lab-mote1,3434,1078120917651,17.4012,46.0655,2.65143
intel-lab-mote1,3435,1078121008184,17.4012,46.0655,2.65143
intel-lab-mote1,3436,1078121033096,17.3914,46.0655,2.65143
intel-lab-mote1,3437,1078121065362,17.3816,46.0655,2.65143
intel-lab-mote1,3438,1078121104033,17.3914,46.0655,2.63964
intel-lab-mote1,3439,1078121150794,17.3914,46.0655,2.65143
intel-lab-mote1,3440,1078121184586,17.4012,46.0655,2.65143
intel-lab-mote1,3441,1078121211972,17.4012,46.0655,2.65143
intel-lab-mote1,3442,1078121249378,17.4012,46.0655,2.65143
intel-lab-mote1,3443,1078121308830,17.411,46.0655,2.63964
intel-lab-mote1,3444,1078121330931,17.4012,46.0983,2.65143
intel-lab-mote1,3445,1078121368942,17.4012,46.164,2.65143
intel-lab-mote1,3446,1078121459115,17.411,46.2297,2.65143
intel-lab-mote1,3447,1078121543271,17.4012,46.2953,2.65143
intel-lab-mote1,3448,1078121573179,17.4012,46.2625,2.65143
intel-lab-mote1,3449,1078121633275,17.4012,46.2953,2.65143
intel-lab-mote1,3450,1078121668812,17.411,46.2953,2.65143
intel-lab-mote1,3451,1078121700194,17.4208,46.3281,2.65143
intel-lab-mote1,3452,1078121732937,17.4208,46.3281,2.65143
intel-lab-mote1,3453,1078121753268,17.4208,46.2953,2.65143
intel-lab-mote1,3454,1078121782045,17.411,46.2625,2.65143
intel-lab-mote1,3455,1078121843180,17.4012,46.2297,2.65143
intel-lab-mote1,3456,1078121900956,17.3914,46.2953,2.65143
intel-lab-mote1,3457,1078121931983,17.3816,46.2953,2.65143
intel-lab-mote1,3458,1078121971215,17.3522,46.3609,2.65143
intel-lab-mote1,3459,1078121992076,17.362,46.3609,2.65143
intel-lab-mote1,3460,1078122033461,17.362,46.3281,2.65143
intel-lab-mote1,3461,1078122115178,17.3424,46.3609,2.63964
intel-lab-mote1,3462,1078122146528,17.362,46.2625,2.63964
intel-lab-mote1,3463,1078122172382,17.3424,46.2953,2.63964
intel-lab-mote1,3464,1078122238885,17.3228,46.2953,2.63964
intel-lab-mote1,3465,1078122261000,17.3228,46.3609,2.65143
intel-lab-mote1,3466,1078122329229,17.3228,46.3281,2.65143
intel-lab-mote1,3467,1078122351146,17.3032,46.3937,2.65143
intel-lab-mote1,3468,1078122380965,17.3228,46.4265,2.65143
intel-lab-mote1,3469,1078122416594,17.3228,46.3937,2.65143
intel-lab-mote1,3470,1078122473450,17.3032,46.4265,2.65143
intel-lab-mote1,3471,1078122534481,17.3228,46.4921,2.63964
intel-lab-mote1,3472,1078122565586,17.3228,46.5249,2.65143
intel-lab-mote1,3473,1078122713141,17.3228,46.4593,2.65143
intel-lab-mote1,3474,1078122899098,17.2934,46.5905,2.63964
intel-lab-mote1,3475,1078123043648,17.2836,46.5577,2.65143
intel-lab-mote1,3476,1078123078953,17.2738,46.5249,2.65143
intel-lab-mote1,3477,1078123101928,17.2836,46.4921,2.65143
intel-lab-mote1,3478,1078123132088,17.2738,46.4921,2.63964
intel-lab-mote1,3479,1078123166694,17.2836,46.4921,2.63964
intel-lab-mote1,3480,1078123191147,17.2836,46.4593,2.65143
intel-lab-mote1,3481,1078123225660,17.2934,46.4265,2.65143
intel-lab-mote1,3482,1078123257748,17.2934,46.3609,2.65143
intel-lab-mote1,3483,1078123286658,17.2934,46.3281,2.65143
intel-lab-mote1,3484,1078123344360,17.313,46.2625,2.65143
intel-lab-mote1,3485,1078123375573,17.313,46.2625,2.65143
intel-lab-mote1,3486,1078123406607,17.2934,46.2953,2.63964
intel-lab-mote1,3487,1078123432020,17.2934,46.2953,2.65143
intel-lab-mote1,3488,1078123471104,17.2738,46.3281,2.65143
intel-lab-mote1,3489,1078123504669,17.264,46.3609,2.65143
intel-lab-mote1,3490,1078123551029,17.2542,46.4921,2.65143
intel-lab-mote1,3491,1078123582114,17.2444,46.4921,2.63964
intel-lab-mote1,3492,1078123615933,17.2444,46.5577,2.65143
intel-lab-mote1,3493,1078123708924,17.2444,46.6232,2.65143
intel-lab-mote1,3494,1078123732161,17.2444,46.656,2.65143
intel-lab-mote1,3495,1078123767870,17.2248,46.656,2.65143
intel-lab-mote1,3496,1078123795535,17.2444,46.5905,2.63964
intel-lab-mote1,3497,1078123824481,17.2542,46.5577,2.65143
intel-lab-mote1,3498,1078123859047,17.2444,46.5905,2.65143
intel-lab-mote1,3499,1078123916664,17.2738,46.5577,2.65143
intel-lab-mote1,3500,1078123942466,17.264,46.5577,2.63964
intel-lab-mote1,3501,1078124006802,17.2542,46.5905,2.63964
intel-lab-mote1,3502,1078124071154,17.2248,46.6232,2.65143
intel-lab-mote1,3503,1078124125706,17.215,46.6232,2.63964
intel-lab-mote1,3504,1078124183511,17.2052,46.5577,2.63964
intel-lab-mote1,3505,1078124213522,17.2052,46.5577,2.65143
intel-lab-mote1,3506,1078124243683,17.2052,46.5577,2.65143
intel-lab-mote1,3507,1078124275693,17.2052,46.5577,2.63964
intel-lab-mote1,3508,1078124332140,17.1954,46.5577,2.65143
intel-lab-mote1,3509,1078124361068,17.1954,46.5577,2.63964
intel-lab-mote1,3510,1078124392404,17.2052,46.4921,2.63964
intel-lab-mote1,3511,1078124421927,17.1954,46.5249,2.63964
intel-lab-mote1,3512,1078124543263,17.6364,45.6379,2.65143
intel-lab-mote1,3513,1078124604588,18.3028,43.918,2.65143
intel-lab-mote1,3514,1078124695646,19.1064,42.4174,2.66332
intel-lab-mote1,3515,1078124723371,19.2436,42.116,2.67532
intel-lab-mote1,3516,1078124784472,19.4984,41.5453,2.66332
intel-lab-mote1,3517,1078124848434,19.6748,41.1414,2.66332
intel-lab-mote1,3518,1078124873512,19.7826,40.9392,2.66332
intel-lab-mote1,3519,1078124903268,19.8512,40.7031,2.67532
intel-lab-mote1,3520,1078124963234,19.9786,40.5004,2.67532
intel-lab-mote1,3521,1078125053410,20.155,40.0268,2.67532
intel-lab-mote1,3522,1078125124985,20.351,39.6539,2.68742
intel-lab-mote1,3523,1078125178128,20.4392,39.5181,2.67532
intel-lab-mote1,3524,1078125202121,20.4686,39.4502,2.68742
intel-lab-mote1,3525,1078125236927,20.4882,39.4162,2.67532
intel-lab-mote1,3526,1078125264638,20.4784,39.4502,2.67532
intel-lab-mote1,3527,1078125297966,20.498,39.3483,2.68742
intel-lab-mote1,3528,1078125356812,20.4882,39.5521,2.67532
intel-lab-mote1,3529,1078125386794,20.596,39.4842,2.67532
intel-lab-mote1,3530,1078125444471,20.6548,39.4162,2.67532
intel-lab-mote1,3531,1078125503383,20.6744,39.3483,2.68742
intel-lab-mote1,3532,1078125599629,20.694,39.3483,2.68742
intel-lab-mote1,3533,1078125628101,20.7136,39.3483,2.67532
intel-lab-mote1,3534,1078125725541,20.792,39.0763,2.67532
intel-lab-mote1,3535,1078125743806,20.8214,39.0082,2.67532
intel-lab-mote1,3536,1078125810354,20.7724,39.1783,2.67532
intel-lab-mote1,3537,1078125838245,20.792,39.0763,2.68742
intel-lab-mote1,3538,1078125930652,20.8312,39.0082,2.67532
intel-lab-mote1,3539,1078125960991,20.841,39.0422,2.68742
intel-lab-mote1,3540,1078125982161,20.841,38.9401,2.68742
intel-lab-mote1,3541,1078126013273,20.8704,39.0082,2.68742
intel-lab-mote1,3542,1078126048262,20.89,38.9401,2.67532
intel-lab-mote1,3543,1078126110456,20.9292,38.9401,2.68742
intel-lab-mote1,3544,1078126132185,20.9684,38.9061,2.68742
intel-lab-mote1,3545,1078126162005,20.9684,38.9061,2.67532
intel-lab-mote1,3546,1078126192290,20.9292,39.0082,2.68742
intel-lab-mote1,3547,1078126229492,20.9292,39.0763,2.68742
intel-lab-mote1,3548,1078126282062,20.9096,39.0763,2.67532
intel-lab-mote1,3549,1078126409684,20.89,39.1443,2.68742
intel-lab-mote1,3550,1078126431283,20.9096,39.0763,2.67532
intel-lab-mote1,3551,1078126521155,20.9292,39.0763,2.68742
intel-lab-mote1,3552,1078126563163,20.9488,39.0763,2.67532
intel-lab-mote1,3553,1078126583320,20.939,39.0082,2.67532
intel-lab-mote1,3554,1078126611163,20.9782,38.9401,2.68742
intel-lab-mote1,3555,1078126641186,21.0174,38.8039,2.68742
intel-lab-mote1,3556,1078126679798,21.0076,38.8039,2.68742
intel-lab-mote1,3557,1078126762030,20.9684,38.9061,2.68742
intel-lab-mote1,3558,1078126794498,20.8802,39.1103,2.68742
intel-lab-mote1,3559,1078126821525,20.89,39.1783,2.68742
intel-lab-mote1,3560,1078126855785,20.9292,39.0763,2.68742
intel-lab-mote1,3561,1078126912152,21.0076,38.9742,2.68742
intel-lab-mote1,3562,1078126941325,21.0174,38.9401,2.67532
intel-lab-mote1,3563,1078126979370,21.0076,38.9401,2.67532
intel-lab-mote1,3564,1078127004407,21.0566,38.8039,2.68742
intel-lab-mote1,3565,1078127061816,21.0664,38.7357,2.67532
intel-lab-mote1,3566,1078127092206,21.0958,38.7357,2.68742
intel-lab-mote1,3567,1078127121231,21.1056,38.7357,2.68742
intel-lab-mote1,3568,1078127153221,21.1252,38.7357,2.67532
intel-lab-mote1,3569,1078127213406,20.9978,38.872,2.68742
intel-lab-mote1,3570,1078127244869,20.9782,38.9401,2.67532
intel-lab-mote1,3571,1078127301256,20.9488,39.0763,2.67532
intel-lab-mote1,3572,1078127339180,20.988,38.9401,2.67532
intel-lab-mote1,3573,1078127391547,20.9782,38.9401,2.68742
intel-lab-mote1,3574,1078127425761,20.9978,38.9061,2.68742
intel-lab-mote1,3575,1078127452107,21.0272,38.8379,2.68742
intel-lab-mote1,3576,1078127517012,21.0468,38.8379,2.67532
intel-lab-mote1,3577,1078127541629,21.0664,38.7698,2.68742
intel-lab-mote1,3578,1078127572036,21.086,38.7698,2.68742
intel-lab-mote1,3579,1078127603310,21.0566,38.9061,2.68742
intel-lab-mote1,3580,1078127631327,21.0566,38.9401,2.68742
intel-lab-mote1,3581,1078127692189,21.0468,38.9401,2.67532
intel-lab-mote1,3582,1078127726505,20.939,39.2123,2.68742
intel-lab-mote1,3583,1078127761679,20.89,39.3483,2.68742
intel-lab-mote1,3584,1078127781707,20.8116,39.5521,2.67532
intel-lab-mote1,3585,1078127812144,20.8312,39.5521,2.68742
intel-lab-mote1,3586,1078127843448,20.8998,39.3483,2.68742
intel-lab-mote1,3587,1078127877115,20.89,39.3143,2.67532
intel-lab-mote1,3588,1078127937293,21.0468,38.9401,2.68742
intel-lab-mote1,3589,1078127961096,21.0468,38.9401,2.68742
intel-lab-mote1,3590,1078128021108,20.9488,39.1783,2.68742
intel-lab-mote1,3591,1078128142545,21.0566,38.9401,2.67532
intel-lab-mote1,3592,1078128174646,21.0664,38.9061,2.67532
intel-lab-mote1,3593,1078128231651,21.0272,39.0082,2.68742
intel-lab-mote1,3594,1078128265950,20.9782,39.0763,2.68742
intel-lab-mote1,3595,1078128296673,21.0468,38.9401,2.68742
intel-lab-mote1,3596,1078128331713,21.0566,38.9061,2.68742
intel-lab-mote1,3597,1078128360553,21.037,38.9742,2.67532
intel-lab-mote1,3598,1078128381385,21.0664,38.9401,2.67532
intel-lab-mote1,3599,1078128444048,21.086,39.0082,2.67532
intel-lab-mote1,3600,1078128471631,21.0566,39.0763,2.68742
intel-lab-mote1,3601,1078128539537,20.9782,39.2803,2.68742
intel-lab-mote1,3602,1078128596073,21.0468,39.2123,2.68742
intel-lab-mote1,3603,1078128654483,21.0272,39.2123,2.67532
intel-lab-mote1,3604,1078128741161,21.086,39.0763,2.67532
intel-lab-mote1,3605,1078128773425,21.1056,38.9742,2.68742
intel-lab-mote1,3606,1078128812136,21.1252,39.0082,2.67532
intel-lab-mote1,3607,1078128841007,21.086,39.0422,2.68742
intel-lab-mote1,3608,1078128864970,21.1056,39.0082,2.68742
intel-lab-mote1,3609,1078128892483,21.1154,38.9742,2.68742
intel-lab-mote1,3610,1078128922424,21.1056,38.9742,2.68742
intel-lab-mote1,3611,1078128966654,21.1252,38.9742,2.68742
intel-lab-mote1,3612,1078128985877,21.1742,38.872,2.67532
intel-lab-mote1,3613,1078129012238,21.184,38.872,2.68742
intel-lab-mote1,3614,1078129042537,21.233,38.7357,2.68742
intel-lab-mote1,3615,1078129073810,21.2428,38.7698,2.68742
intel-lab-mote1,3616,1078129104679,21.1448,38.9401,2.68742
intel-lab-mote1,3617,1078129137108,21.184,38.872,2.68742
intel-lab-mote1,3618,1078129161210,21.184,38.9742,2.67532
intel-lab-mote1,3619,1078129198200,21.1056,39.2123,2.68742
intel-lab-mote1,3620,1078129221435,21.0566,39.3143,2.67532
intel-lab-mote1,3621,1078129253864,21.0664,39.4162,2.67532
intel-lab-mote1,3622,1078129291653,21.0958,39.4162,2.68742
intel-lab-mote1,3623,1078129316986,21.1448,39.3483,2.68742
intel-lab-mote1,3624,1078129354145,21.1644,39.3143,2.68742
intel-lab-mote1,3625,1078129402532,21.1644,39.3143,2.68742
intel-lab-mote1,3626,1078129463455,21.1644,39.3483,2.68742
intel-lab-mote1,3627,1078129497053,21.2036,39.2803,2.68742
intel-lab-mote1,3628,1078129527393,21.1938,39.2803,2.68742
intel-lab-mote1,3629,1078129551166,21.2134,39.2123,2.68742
intel-lab-mote1,3630,1078129596045,21.2036,39.2463,2.68742
intel-lab-mote1,3631,1078129643442,21.2722,39.0082,2.68742
intel-lab-mote1,3632,1078129680796,21.2624,39.0763,2.68742
intel-lab-mote1,3633,1078129710862,21.2722,39.0422,2.68742
intel-lab-mote1,3634,1078129739353,21.2232,39.1443,2.68742
intel-lab-mote1,3635,1078129764641,21.1938,39.2123,2.68742
intel-lab-mote1,3636,1078129805329,21.1938,39.1783,2.68742
intel-lab-mote1,3637,1078129831186,21.1546,39.3143,2.68742
intel-lab-mote1,3638,1078129853505,21.1448,39.3483,2.68742
intel-lab-mote1,3639,1078129885723,21.1644,39.3143,2.68742
intel-lab-mote1,3640,1078129912304,21.2036,39.2123,2.67532
intel-lab-mote1,3641,1078129975037,21.233,39.2463,2.68742
intel-lab-mote1,3642,1078130003451,21.233,39.2123,2.67532
intel-lab-mote1,3643,1078130041913,21.2428,39.2803,2.68742
intel-lab-mote1,3644,1078130123415,21.1938,39.4842,2.68742
intel-lab-mote1,3645,1078130151340,21.184,39.5181,2.68742
intel-lab-mote1,3646,1078130217044,21.2232,39.4502,2.68742
intel-lab-mote1,3647,1078130285922,21.233,39.3823,2.68742
intel-lab-mote1,3648,1078130308222,21.184,39.4502,2.68742
intel-lab-mote1,3649,1078130365990,21.2232,39.3483,2.68742
intel-lab-mote1,3650,1078130395871,21.2722,39.2123,2.68742
intel-lab-mote1,3651,1078130428342,21.2428,39.2803,2.68742
intel-lab-mote1,3652,1078130452301,21.2624,39.2123,2.68742
intel-lab-mote1,3653,1078130490667,21.2624,39.2123,2.68742
intel-lab-mote1,3654,1078130514887,21.2624,39.1443,2.67532
intel-lab-mote1,3655,1078130541202,21.3114,39.0763,2.67532
intel-lab-mote1,3656,1078130571217,21.38,38.9401,2.68742
intel-lab-mote1,3657,1078130605010,21.3506,38.9401,2.68742
intel-lab-mote1,3658,1078130645594,21.3408,39.0082,2.68742
intel-lab-mote1,3659,1078130693462,21.3702,38.9401,2.68742
intel-lab-mote1,3660,1078130729532,21.38,38.9061,2.68742
intel-lab-mote1,3661,1078130751315,21.3604,38.9742,2.68742
intel-lab-mote1,3662,1078130817109,21.282,39.1443,2.68742
intel-lab-mote1,3663,1078130842197,21.2722,39.2803,2.67532
intel-lab-mote1,3664,1078130874650,21.2428,39.4162,2.68742
intel-lab-mote1,3665,1078130944334,21.2624,39.4162,2.68742
intel-lab-mote1,3666,1078130963400,21.2918,39.4162,2.68742
intel-lab-mote1,3667,1078130993684,21.3114,39.3823,2.68742
intel-lab-mote1,3668,1078131028442,21.2918,39.3823,2.68742
intel-lab-mote1,3669,1078131055305,21.282,39.3823,2.68742
intel-lab-mote1,3670,1078131091609,21.2918,39.3823,2.68742
intel-lab-mote1,3671,1078131114025,21.2722,39.3823,2.68742
intel-lab-mote1,3672,1078131211397,21.3016,39.2803,2.68742
intel-lab-mote1,3673,1078131291256,21.3016,39.2803,2.68742
intel-lab-mote1,3674,1078131329573,21.38,39.0763,2.68742
intel-lab-mote1,3675,1078131358376,21.3506,39.1443,2.68742
intel-lab-mote1,3676,1078131418788,21.3506,39.0082,2.68742
intel-lab-mote1,3677,1078131510781,21.3898,38.9401,2.68742
intel-lab-mote1,3678,1078131535798,21.3898,38.9401,2.68742
intel-lab-mote1,3679,1078131563584,21.3016,39.1443,2.68742
intel-lab-mote1,3680,1078131684788,21.38,39.1443,2.68742
intel-lab-mote1,3681,1078131714837,21.4388,39.0763,2.68742
intel-lab-mote1,3682,1078131743567,21.4388,39.1103,2.68742
intel-lab-mote1,3683,1078131773568,21.4584,39.1103,2.68742
intel-lab-mote1,3684,1078131872046,21.429,39.1443,2.68742
intel-lab-mote1,3685,1078131892436,21.429,39.1783,2.68742
intel-lab-mote1,3686,1078131934375,21.4682,39.0763,2.68742
intel-lab-mote1,3687,1078132143273,21.4388,38.9401,2.68742
intel-lab-mote1,3688,1078132191309,21.3996,39.0763,2.67532
intel-lab-mote1,3689,1078132227013,21.3898,39.0763,2.68742
intel-lab-mote1,3690,1078132252082,21.4192,39.0082,2.68742
intel-lab-mote1,3691,1078132281337,21.4388,38.9742,2.68742
intel-lab-mote1,3692,1078132317351,21.4388,38.9742,2.68742
intel-lab-mote1,3693,1078132372442,21.4094,39.1443,2.68742
intel-lab-mote1,3694,1078132404854,21.3604,39.2123,2.68742
intel-lab-mote1,3695,1078132439433,21.4094,39.1443,2.68742
intel-lab-mote1,3696,1078132472012,21.4094,39.2123,2.67532
intel-lab-mote1,3697,1078132494394,21.3996,39.2803,2.68742
intel-lab-mote1,3698,1078132525976,21.429,39.2803,2.68742
intel-lab-mote1,3699,1078132560859,21.4584,39.3143,2.68742
intel-lab-mote1,3700,1078132588176,21.4878,39.2803,2.68742
intel-lab-mote1,3701,1078132646202,21.5172,39.3823,2.68742
intel-lab-mote1,3702,1078132680822,21.5368,39.3823,2.68742
intel-lab-mote1,3703,1078132710980,21.5564,39.3483,2.68742
intel-lab-mote1,3704,1078132738465,21.5858,39.2463,2.69964
intel-lab-mote1,3705,1078132774826,21.5956,39.2463,2.68742
intel-lab-mote1,3706,1078132886099,21.674,38.9742,2.69964
intel-lab-mote1,3707,1078132912153,21.6936,38.9401,2.68742
intel-lab-mote1,3708,1078132972633,21.7426,38.8039,2.69964
intel-lab-mote1,3709,1078133005911,21.7818,38.6675,2.69964
intel-lab-mote1,3710,1078133069785,21.7916,38.7016,2.69964
intel-lab-mote1,3711,1078133091361,21.772,38.7357,2.68742
intel-lab-mote1,3712,1078133189701,21.8112,38.5652,2.69964
intel-lab-mote1,3713,1078133215702,21.8112,38.5311,2.69964
intel-lab-mote1,3714,1078133273701,21.8112,38.497,2.68742
intel-lab-mote1,3715,1078133310867,21.8112,38.4629,2.69964
intel-lab-mote1,3716,1078133339664,21.821,38.497,2.68742
intel-lab-mote1,3717,1078133399594,21.8308,38.6675,2.68742
intel-lab-mote1,3718,1078133426056,21.8308,38.8039,2.69964
intel-lab-mote1,3719,1078133552114,21.8602,38.9401,2.68742
intel-lab-mote1,3720,1078133572364,21.8602,38.9401,2.69964
intel-lab-mote1,3721,1078133606312,21.8798,38.9061,2.68742
intel-lab-mote1,3722,1078133635157,21.9092,38.8379,2.68742
intel-lab-mote1,3723,1078133668452,21.8994,38.8379,2.68742
intel-lab-mote1,3724,1078133703906,21.9092,38.7357,2.69964
intel-lab-mote1,3725,1078133728449,21.919,38.7016,2.68742
intel-lab-mote1,3726,1078133757364,21.8896,38.7357,2.69964
intel-lab-mote1,3727,1078133788571,21.9386,38.6675,2.68742
intel-lab-mote1,3728,1078133814189,21.968,38.5993,2.68742
intel-lab-mote1,3729,1078133879580,21.9582,38.5311,2.69964
intel-lab-mote1,3730,1078133906083,21.9778,38.497,2.68742
intel-lab-mote1,3731,1078133931226,21.9778,38.5311,2.68742
intel-lab-mote1,3732,1078133971037,21.968,38.5311,2.69964
intel-lab-mote1,3733,1078134029705,21.9582,38.5311,2.69964
intel-lab-mote1,3734,1078134057310,21.9876,38.4629,2.69964
intel-lab-mote1,3735,1078134088781,21.9974,38.4287,2.68742
intel-lab-mote1,3736,1078134146119,21.9876,38.3946,2.68742
intel-lab-mote1,3737,1078134232776,22.0268,38.3946,2.68742
intel-lab-mote1,3738,1078134261236,22.017,38.5311,2.69964
intel-lab-mote1,3739,1078134356396,22.0562,38.7357,2.69964
intel-lab-mote1,3740,1078134387537,22.0856,38.7357,2.69964
intel-lab-mote1,3741,1078134416120,22.1248,38.7016,2.68742
intel-lab-mote1,3742,1078134447472,22.1542,38.5993,2.68742
intel-lab-mote1,3743,1078134503675,22.1444,38.6334,2.68742
intel-lab-mote1,3744,1078134594758,22.1248,38.5993,2.68742
intel-lab-mote1,3745,1078134633470,22.1346,38.5652,2.68742
intel-lab-mote1,3746,1078134658816,22.115,38.5311,2.69964
intel-lab-mote1,3747,1078134753734,22.0954,38.5311,2.69964
intel-lab-mote1,3748,1078134780511,22.1052,38.4629,2.69964
intel-lab-mote1,3749,1078134843486,22.1346,38.3946,2.68742
intel-lab-mote1,3750,1078134891276,22.1248,38.3263,2.69964
intel-lab-mote1,3751,1078134921271,22.164,38.258,2.69964
intel-lab-mote1,3752,1078134961091,22.1738,38.2239,2.68742
intel-lab-mote1,3753,1078134988520,22.2032,38.1897,2.69964
intel-lab-mote1,3754,1078135041859,22.2424,38.0529,2.69964
intel-lab-mote1,3755,1078135071276,22.262,38.0187,2.69964
intel-lab-mote1,3756,1078135109964,22.2522,38.0529,2.69964
intel-lab-mote1,3757,1078135135105,22.2522,38.0529,2.69964
intel-lab-mote1,3758,1078135164916,22.2718,38.1897,2.69964
intel-lab-mote1,3759,1078135194822,22.2914,38.1897,2.68742
intel-lab-mote1,3760,1078135221860,22.311,38.2922,2.68742
intel-lab-mote1,3761,1078135251317,22.3404,38.258,2.69964
intel-lab-mote1,3762,1078135286276,22.3404,38.3946,2.69964
intel-lab-mote1,3763,1078135341288,22.3404,38.4287,2.68742
intel-lab-mote1,3764,1078135377365,22.3894,38.3263,2.69964
intel-lab-mote1,3765,1078135436253,22.3894,38.3263,2.69964
intel-lab-mote1,3766,1078135466226,22.3796,38.2922,2.69964
intel-lab-mote1,3767,1078135493635,22.4188,38.1897,2.69964
intel-lab-mote1,3768,1078135552564,22.4188,38.1213,2.68742
intel-lab-mote1,3769,1078135581338,22.3992,38.1213,2.69964
intel-lab-mote1,3770,1078135612783,22.4286,38.0871,2.69964
intel-lab-mote1,3771,1078135648773,22.4384,38.0871,2.69964
intel-lab-mote1,3772,1078135675353,22.4384,38.0529,2.69964
intel-lab-mote1,3773,1078135738763,22.4482,38.0529,2.69964
intel-lab-mote1,3774,1078135768706,22.4384,37.9845,2.69964
intel-lab-mote1,3775,1078135794270,22.458,37.9845,2.69964
intel-lab-mote1,3776,1078135828898,22.458,37.9503,2.69964
intel-lab-mote1,3777,1078135851313,22.4482,37.9845,2.68742
intel-lab-mote1,3778,1078135889908,22.458,37.9845,2.69964
intel-lab-mote1,3779,1078135977674,22.4384,37.9503,2.69964
intel-lab-mote1,3780,1078136001313,22.4482,37.9161,2.69964
intel-lab-mote1,3781,1078136032833,22.4384,37.9503,2.69964
intel-lab-mote1,3782,1078136061334,22.4384,37.9845,2.69964
intel-lab-mote1,3783,1078136103679,22.4874,37.9503,2.69964
intel-lab-mote1,3784,1078136129090,22.5168,37.9845,2.69964
intel-lab-mote1,3785,1078136152609,22.5364,38.0187,2.69964
intel-lab-mote1,3786,1078136245982,22.3992,38.5311,2.69964
intel-lab-mote1,3787,1078136279162,22.3796,38.5993,2.69964
intel-lab-mote1,3788,1078136307745,22.3502,38.6675,2.69964
intel-lab-mote1,3789,1078136331340,22.3208,38.7357,2.69964
intel-lab-mote1,3790,1078136372779,22.2816,38.7357,2.69964
intel-lab-mote1,3791,1078136452551,22.2228,38.8039,2.69964
intel-lab-mote1,3792,1078136518740,22.1738,38.8379,2.69964
intel-lab-mote1,3793,1078136550431,22.164,38.8379,2.69964
intel-lab-mote1,3794,1078136574297,22.1836,38.872,2.69964
intel-lab-mote1,3795,1078136612064,22.1444,38.872,2.69964
intel-lab-mote1,3796,1078136646214,22.1444,38.872,2.69964
intel-lab-mote1,3797,1078136667739,22.164,38.9061,2.69964
intel-lab-mote1,3798,1078136702386,22.1934,38.872,2.69964
intel-lab-mote1,3799,1078136787402,22.1346,38.8039,2.69964
intel-lab-mote1,3800,1078136814895,22.1738,38.7357,2.69964
intel-lab-mote1,3801,1078136848628,22.164,38.8039,2.69964
intel-lab-mote1,3802,1078136939784,22.1934,38.8039,2.69964
intel-lab-mote1,3803,1078137000036,22.1934,38.8039,2.69964
intel-lab-mote1,3804,1078137024981,22.1934,38.9061,2.69964
intel-lab-mote1,3805,1078137051390,22.1542,39.0082,2.69964
intel-lab-mote1,3806,1078137115365,22.3306,38.6334,2.69964
intel-lab-mote1,3807,1078137151218,22.262,38.872,2.69964
intel-lab-mote1,3808,1078137171562,22.2228,38.9742,2.68742
intel-lab-mote1,3809,1078137205153,22.2522,38.9061,2.69964
intel-lab-mote1,3810,1078137239015,22.3502,38.5993,2.69964
intel-lab-mote1,3811,1078137263640,22.311,38.7357,2.69964
intel-lab-mote1,3812,1078137294828,22.3306,38.7357,2.69964
intel-lab-mote1,3813,1078137323893,22.36,38.6675,2.69964
intel-lab-mote1,3814,1078137352816,22.3698,38.7357,2.69964
intel-lab-mote1,3815,1078137392424,22.3796,38.6675,2.68742
intel-lab-mote1,3816,1078137414200,22.3796,38.6675,2.69964
intel-lab-mote1,3817,1078137452182,22.3992,38.7357,2.69964
intel-lab-mote1,3818,1078137472822,22.3992,38.5993,2.69964
intel-lab-mote1,3819,1078137512868,22.3992,38.7357,2.69964
intel-lab-mote1,3820,1078137532509,22.3698,38.7357,2.69964
intel-lab-mote1,3821,1078137571148,22.3502,38.6675,2.68742
intel-lab-mote1,3822,1078137591493,22.2914,38.8039,2.69964
intel-lab-mote1,3823,1078137626378,22.3992,38.4629,2.69964
intel-lab-mote1,3824,1078137660309,22.3796,38.5311,2.69964
intel-lab-mote1,3825,1078137686174,22.4188,38.4629,2.69964
intel-lab-mote1,3826,1078137742594,22.3894,38.5311,2.69964
intel-lab-mote1,3827,1078137773683,22.36,38.5993,2.69964
intel-lab-mote1,3828,1078137805354,22.3208,38.7357,2.68742
intel-lab-mote1,3829,1078137842777,22.2718,38.7357,2.69964
intel-lab-mote1,3830,1078137868746,22.262,38.9401,2.69964
intel-lab-mote1,3831,1078137900147,22.262,38.7698,2.69964
intel-lab-mote1,3832,1078137923908,22.3012,38.7357,2.69964
intel-lab-mote1,3833,1078137963508,22.3208,38.7016,2.69964
intel-lab-mote1,3834,1078137985045,22.3404,38.6675,2.69964
intel-lab-mote1,3835,1078138012586,22.3698,38.5652,2.69964
intel-lab-mote1,3836,1078138048874,22.3894,38.5993,2.69964
intel-lab-mote1,3837,1078138079196,22.3992,38.4629,2.69964
intel-lab-mote1,3838,1078138163710,22.3992,38.7016,2.69964
intel-lab-mote1,3839,1078138192418,22.311,38.872,2.69964
intel-lab-mote1,3840,1078138225054,22.3404,38.7357,2.69964
intel-lab-mote1,3841,1078138255284,22.3208,38.8379,2.69964
intel-lab-mote1,3842,1078138282602,22.2914,38.9061,2.69964
intel-lab-mote1,3843,1078138351527,22.311,38.9401,2.69964
intel-lab-mote1,3844,1078138382109,22.2424,39.0763,2.69964
intel-lab-mote1,3845,1078138439920,22.3306,38.9401,2.69964
intel-lab-mote1,3846,1078138469152,22.3306,38.9742,2.69964
intel-lab-mote1,3847,1078138492677,22.3404,38.8039,2.69964
intel-lab-mote1,3848,1078138522165,22.36,38.8039,2.68742
intel-lab-mote1,3849,1078138554941,22.4286,38.7016,2.69964
intel-lab-mote1,3850,1078138585254,22.4776,38.5993,2.69964
intel-lab-mote1,3851,1078138623677,22.4384,38.7698,2.69964
intel-lab-mote1,3852,1078138642545,22.3796,38.872,2.69964
intel-lab-mote1,3853,1078138681668,22.3208,39.0082,2.69964
intel-lab-mote1,3854,1078138768767,22.4188,38.8379,2.69964
intel-lab-mote1,3855,1078138798748,22.5266,38.5652,2.69964
intel-lab-mote1,3856,1078138831299,22.556,38.3946,2.69964
intel-lab-mote1,3857,1078138852341,22.4972,38.7357,2.69964
intel-lab-mote1,3858,1078138888698,22.5168,38.5311,2.69964
intel-lab-mote1,3859,1078138913832,22.5854,38.3946,2.69964
intel-lab-mote1,3860,1078138943893,22.5756,38.4629,2.69964
intel-lab-mote1,3861,1078139006429,22.5462,38.5993,2.69964
intel-lab-mote1,3862,1078139036316,22.507,38.7016,2.69964
intel-lab-mote1,3863,1078139097548,22.5266,38.7698,2.69964
intel-lab-mote1,3864,1078139159916,22.5952,38.5993,2.69964
intel-lab-mote1,3865,1078139214985,22.605,38.5311,2.69964
intel-lab-mote1,3866,1078139241533,22.6344,38.497,2.69964
intel-lab-mote1,3867,1078139280123,22.6148,38.5311,2.69964
intel-lab-mote1,3868,1078139307431,22.5854,38.5993,2.69964
intel-lab-mote1,3869,1078139456190,22.5854,38.6334,2.69964
intel-lab-mote1,3870,1078139611618,22.6736,38.4629,2.69964
intel-lab-mote1,3871,1078139666381,22.752,38.1897,2.69964
intel-lab-mote1,3872,1078139697791,22.7716,38.258,2.69964
intel-lab-mote1,3873,1078139737583,22.8304,38.0187,2.69964
intel-lab-mote1,3874,1078139783951,22.9774,37.8477,2.69964
intel-lab-mote1,3875,1078139813782,22.8892,38.1897,2.71196
intel-lab-mote1,3876,1078139841644,22.8304,38.1897,2.69964
intel-lab-mote1,3877,1078139906701,22.801,38.3263,2.69964
intel-lab-mote1,3878,1078139968748,22.7912,38.6675,2.69964
intel-lab-mote1,3879,1078139992615,22.7422,38.6675,2.69964
intel-lab-mote1,3880,1078140026355,22.6736,38.8039,2.69964
intel-lab-mote1,3881,1078140053921,22.6148,38.9401,2.69964
intel-lab-mote1,3882,1078140091954,22.5854,39.0422,2.71196
intel-lab-mote1,3883,1078140123097,22.605,39.0082,2.69964
intel-lab-mote1,3884,1078140149134,22.6246,39.0082,2.69964
intel-lab-mote1,3885,1078140177515,22.7226,38.7357,2.69964
intel-lab-mote1,3886,1078140218456,22.7226,38.8379,2.69964
intel-lab-mote1,3887,1078140237861,22.7324,38.7357,2.69964
intel-lab-mote1,3888,1078140271348,22.7814,38.7016,2.69964
intel-lab-mote1,3889,1078140297533,22.7716,38.872,2.69964
intel-lab-mote1,3890,1078140323833,22.7912,38.6675,2.69964
intel-lab-mote1,3891,1078140355081,22.8206,38.5993,2.69964
intel-lab-mote1,3892,1078140443794,22.997,38.258,2.71196
intel-lab-mote1,3893,1078140502666,23.0068,38.1897,2.69964
intel-lab-mote1,3894,1078140533707,23.046,38.1897,2.69964
intel-lab-mote1,3895,1078140567553,23.046,38.3946,2.69964
intel-lab-mote1,3896,1078140595109,22.9774,38.3263,2.69964
intel-lab-mote1,3897,1078140652864,23.1048,38.258,2.69964
intel-lab-mote1,3898,1078140681402,23.1244,38.5311,2.69964
intel-lab-mote1,3899,1078140716778,23.144,37.9845,2.69964
intel-lab-mote1,3900,1078140746328,23.3498,37.5051,2.71196
intel-lab-mote1,3901,1078140777855,23.3792,37.4708,2.71196
intel-lab-mote1,3902,1078140814117,23.3008,37.9845,2.69964
intel-lab-mote1,3903,1078140837621,23.2028,37.9161,2.69964
intel-lab-mote1,3904,1078140898830,23.3106,37.745,2.71196
intel-lab-mote1,3905,1078140923959,23.3302,37.745,2.69964
intel-lab-mote1,3906,1078140992723,23.3792,37.6422,2.69964
intel-lab-mote1,3907,1078141014434,23.4184,37.4365,2.69964
intel-lab-mote1,3908,1078141075956,23.5752,37.3336,2.71196
intel-lab-mote1,3909,1078141107981,23.6536,38.1213,2.71196
intel-lab-mote1,3910,1078141131297,23.6928,37.1277,2.71196
intel-lab-mote1,3911,1078141162694,23.7516,36.8871,2.71196
intel-lab-mote1,3912,1078141221416,23.9084,36.6118,2.71196
intel-lab-mote1,3913,1078141252649,23.928,37.3679,2.71196
intel-lab-mote1,3914,1078141286375,23.8888,37.5051,2.71196
intel-lab-mote1,3915,1078141316396,23.9574,36.8871,2.71196
intel-lab-mote1,3916,1078141346363,23.8202,36.9559,2.69964
intel-lab-mote1,3917,1078141411999,23.83,37.2993,2.71196
intel-lab-mote1,3918,1078141435358,23.8692,37.2993,2.71196
intel-lab-mote1,3919,1078141466339,23.879,37.6422,2.71196
intel-lab-mote1,3920,1078141522600,23.9378,36.6118,2.71196
intel-lab-mote1,3921,1078141553957,23.9672,36.6118,2.71196
intel-lab-mote1,3922,1078141587833,23.928,36.6118,2.7244
intel-lab-mote1,3923,1078141618953,23.9476,36.6807,2.71196
intel-lab-mote1,3924,1078141679026,23.8692,36.6807,2.71196
intel-lab-mote1,3925,1078141736380,23.9476,36.7839,2.71196
intel-lab-mote1,3926,1078141765375,24.0064,36.6118,2.71196
intel-lab-mote1,3927,1078141804584,24.1044,36.2328,2.7244
intel-lab-mote1,3928,1078141827711,24.1632,36.4052,2.71196
intel-lab-mote1,3929,1078141882908,24.1044,36.4052,2.71196
intel-lab-mote1,3930,1078141919335,24.1044,36.3362,2.71196
intel-lab-mote1,3931,1078142009284,24.1044,36.4741,2.71196
intel-lab-mote1,3932,1078142075289,24.1632,36.4741,2.7244
intel-lab-mote1,3933,1078142091512,24.2122,36.4052,2.71196
intel-lab-mote1,3934,1078142160213,24.2122,36.3707,2.7244
intel-lab-mote1,3935,1078142249246,24.418,36.4741,2.7244
intel-lab-mote1,3936,1078142282947,24.4474,35.9221,2.7244
intel-lab-mote1,3937,1078142302783,24.5454,35.7148,2.7244
intel-lab-mote1,3938,1078142332562,24.5944,35.6456,2.7244
intel-lab-mote1,3939,1078142371674,24.6532,35.5418,2.7244
intel-lab-mote1,3940,1078142402500,24.7218,35.438,2.71196
intel-lab-mote1,3941,1078142427374,24.516,35.7839,2.71196
intel-lab-mote1,3942,1078142457836,24.467,35.853,2.7244
intel-lab-mote1,3943,1078142547812,24.4572,37.0246,2.7244
intel-lab-mote1,3944,1078142601504,24.516,36.8183,2.7244
intel-lab-mote1,3945,1078142632653,24.4964,36.3707,2.71196
intel-lab-mote1,3946,1078142726536,24.565,36.2328,2.71196
intel-lab-mote1,3947,1078142787758,24.6238,35.7494,2.7244
intel-lab-mote1,3948,1078142812591,24.5062,35.9912,2.7244
intel-lab-mote1,3949,1078142841558,24.5454,35.9567,2.71196
intel-lab-mote1,3950,1078142876037,24.6532,35.7839,2.7244
intel-lab-mote1,3951,1078142969110,24.7708,35.611,2.7244
intel-lab-mote1,3952,1078143030408,24.8688,35.2648,2.7244
intel-lab-mote1,3953,1078143057817,24.8492,35.6456,2.7244
intel-lab-mote1,3954,1078143202623,24.8884,35.5072,2.7244
intel-lab-mote1,3955,1078143237759,24.81,35.5764,2.7244
intel-lab-mote1,3956,1078143267861,24.7512,35.7148,2.7244
intel-lab-mote1,3957,1078143300348,24.8492,35.4726,2.7244
intel-lab-mote1,3958,1078143330563,24.7708,35.7148,2.7244
intel-lab-mote1,3959,1078143351558,24.7316,35.7148,2.7244
intel-lab-mote1,3960,1078143381533,24.8002,35.5764,2.7244
intel-lab-mote1,3961,1078143449100,24.8198,35.7148,2.7244
intel-lab-mote1,3962,1078143481731,24.8492,35.438,2.7244
intel-lab-mote1,3963,1078143535217,24.6336,35.9221,2.71196
intel-lab-mote1,3964,1078143565553,24.7218,35.9221,2.7244
intel-lab-mote1,3965,1078143591538,24.7904,36.5085,2.7244
intel-lab-mote1,3966,1078143621538,24.81,35.6456,2.7244
intel-lab-mote1,3967,1078143685213,24.7904,35.7839,2.7244
intel-lab-mote1,3968,1078143722399,24.7708,35.9221,2.7244
intel-lab-mote1,3969,1078143742691,24.7904,35.7148,2.71196
intel-lab-mote1,3970,1078143776368,24.8492,35.6456,2.7244
intel-lab-mote1,3971,1078143841613,24.859,36.0603,2.7244
intel-lab-mote1,3972,1078143865236,24.81,36.0603,2.7244
intel-lab-mote1,3973,1078143903537,24.8002,35.7839,2.7244
intel-lab-mote1,3974,1078143926583,24.761,35.7148,2.7244
intel-lab-mote1,3975,1078143959244,24.81,35.5764,2.7244
intel-lab-mote1,3976,1078143991505,24.761,36.0603,2.7244
intel-lab-mote1,3977,1078144014186,24.7806,35.8185,2.7244
intel-lab-mote1,3978,1078144052959,24.6042,36.1983,2.7244
intel-lab-mote1,3979,1078144071562,24.4376,36.4396,2.7244
intel-lab-mote1,3980,1078144111669,24.4572,36.6118,2.7244
intel-lab-mote1,3981,1078144140277,24.5356,36.2673,2.7244
intel-lab-mote1,3982,1078144170376,24.5846,36.4741,2.7244
intel-lab-mote1,3983,1078144255269,24.7708,35.7148,2.7244
intel-lab-mote1,3984,1078144281584,24.81,35.853,2.7244
intel-lab-mote1,3985,1078144345299,24.9962,35.3687,2.7244
intel-lab-mote1,3986,1078144372883,25.104,35.1609,2.7244
intel-lab-mote1,3987,1078144401701,25.1236,35.0915,2.7244
intel-lab-mote1,3988,1078144433184,25.0648,35.2302,2.7244
intel-lab-mote1,3989,1078144469386,25.1432,35.0915,2.7244
intel-lab-mote1,3990,1078144495302,25.0256,35.3687,2.7244
intel-lab-mote1,3991,1078144582790,24.761,35.9221,2.7244
intel-lab-mote1,3992,1078144646097,24.8296,35.6456,2.7244
intel-lab-mote1,3993,1078144682822,24.81,35.7148,2.7244
intel-lab-mote1,3994,1078144717596,24.8394,35.7148,2.7244
intel-lab-mote1,3995,1078144742471,24.8296,35.7148,2.7244
intel-lab-mote1,3996,1078144762982,24.9472,35.5764,2.7244
intel-lab-mote1,3997,1078144792917,24.9864,35.4034,2.7244
intel-lab-mote1,3998,1078144826789,24.9374,35.5418,2.7244
intel-lab-mote1,3999,1078144853106,24.8688,35.6802,2.71196
intel-lab-mote1,4000,1078144885419,24.9864,35.5072,2.7244
intel-lab-mote1,4001,1078144916537,25.0158,35.3687,2.7244
intel-lab-mote1,4002,1078144949453,24.8296,35.7148,2.7244
intel-lab-mote1,4003,1078144971616,24.8296,35.7148,2.7244
intel-lab-mote1,4004,1078145010623,24.8394,35.7494,2.7244
intel-lab-mote1,4005,1078145044328,24.8786,35.611,2.7244
intel-lab-mote1,4006,1078145121614,24.7904,35.7494,2.7244
intel-lab-mote1,4007,1078145196949,24.614,36.1983,2.7244
intel-lab-mote1,4008,1078145219481,24.6924,36.0603,2.7244
intel-lab-mote1,4009,1078145252193,24.7316,35.9912,2.7244
intel-lab-mote1,4010,1078145279213,24.7904,35.8876,2.7244
intel-lab-mote1,4011,1078145309226,24.8002,35.853,2.7244
intel-lab-mote1,4012,1078145331692,24.9276,35.6456,2.7244
intel-lab-mote1,4013,1078145372197,25.055,35.438,2.7244
intel-lab-mote1,4014,1078145424428,25.104,35.2302,2.7244
intel-lab-mote1,4015,1078145463566,25.1628,35.2302,2.73696
intel-lab-mote1,4016,1078145486519,25.1726,35.5764,2.7244
intel-lab-mote1,4017,1078145517918,25.2216,35.5764,2.7244
intel-lab-mote1,4018,1078145572315,25.1726,35.8876,2.7244
intel-lab-mote1,4019,1078145607820,25.153,35.9567,2.7244
intel-lab-mote1,4020,1078145635246,24.9276,36.2673,2.7244
intel-lab-mote1,4021,1078145699304,24.5552,37.0933,2.7244
intel-lab-mote1,4022,1078145722804,24.565,37.0933,2.7244
intel-lab-mote1,4023,1078145760046,24.3004,37.3679,2.7244
intel-lab-mote1,4024,1078145792247,24.0848,37.9845,2.71196
intel-lab-mote1,4025,1078145820908,23.8594,38.3946,2.71196
intel-lab-mote1,4026,1078145841635,23.781,38.7698,2.71196
intel-lab-mote1,4027,1078145880580,23.6438,38.8379,2.71196
intel-lab-mote1,4028,1078145903154,23.4968,39.0082,2.71196
intel-lab-mote1,4029,1078145931534,23.7222,38.9742,2.69964
intel-lab-mote1,4030,1078145964175,23.8202,38.7357,2.71196
intel-lab-mote1,4031,1078146025575,23.7516,38.872,2.71196
intel-lab-mote1,4032,1078146054035,23.6634,38.872,2.7244
intel-lab-mote1,4033,1078146085719,23.536,39.0763,2.7244
intel-lab-mote1,4034,1078146122558,23.536,39.3483,2.71196
intel-lab-mote1,4035,1078146150829,23.4968,39.2803,2.71196
intel-lab-mote1,4036,1078146176605,23.3204,39.8574,2.71196
intel-lab-mote1,4037,1078146213566,23.242,39.9591,2.71196
intel-lab-mote1,4038,1078146244036,23.1342,39.7557,2.71196
intel-lab-mote1,4039,1078146270443,23.0852,40.2299,2.69964
intel-lab-mote1,4040,1078146296686,23.1244,40.399,2.71196
intel-lab-mote1,4041,1078146326580,23.144,40.1622,2.71196
intel-lab-mote1,4042,1078146384077,23.2028,40.0945,2.71196
intel-lab-mote1,4043,1078146482739,24.0064,38.8039,2.71196
intel-lab-mote1,4044,1078146602580,24.712,36.8871,2.7244
intel-lab-mote1,4045,1078146663302,24.8884,36.8183,2.7244
intel-lab-mote1,4046,1078146684287,24.9472,36.5085,2.7244
intel-lab-mote1,4047,1078146711661,25.0452,36.4052,2.7244
intel-lab-mote1,4048,1078146749445,25.104,36.2673,2.7244
intel-lab-mote1,4049,1078146775405,25.202,36.1983,2.73696
intel-lab-mote1,4050,1078146805186,25.2216,36.0603,2.7244
intel-lab-mote1,4051,1078146844496,25.3,35.611,2.7244
intel-lab-mote1,4052,1078146870886,25.349,35.7494,2.7244
intel-lab-mote1,4053,1078146891795,25.4176,35.7148,2.73696
intel-lab-mote1,4054,1078146921710,25.4764,35.6802,2.7244
intel-lab-mote1,4055,1078146955361,25.5352,35.5418,2.73696
intel-lab-mote1,4056,1078146982853,25.6136,35.5764,2.73696
intel-lab-mote1,4057,1078147024394,25.692,35.2995,2.73696
intel-lab-mote1,4058,1078147049094,25.7312,35.0915,2.73696
intel-lab-mote1,4059,1078147078025,25.7214,35.1609,2.73696
intel-lab-mote1,4060,1078147134038,25.7312,35.2302,2.73696
intel-lab-mote1,4061,1078147172096,25.7704,35.2995,2.73696
intel-lab-mote1,4062,1078147195915,25.7214,35.3687,2.73696
intel-lab-mote1,4063,1078147229316,25.7116,35.2995,2.73696
intel-lab-mote1,4064,1078147265497,25.7508,35.2302,2.73696
intel-lab-mote1,4065,1078147282892,25.6528,35.3341,2.73696
intel-lab-mote1,4066,1078147326065,25.6724,34.9528,2.73696
intel-lab-mote1,4067,1078147348098,25.7508,35.0222,2.7244
intel-lab-mote1,4068,1078147386635,25.7704,35.0568,2.73696
intel-lab-mote1,4069,1078147406879,25.79,34.9181,2.7244
intel-lab-mote1,4070,1078147440626,25.8194,34.9875,2.7244
intel-lab-mote1,4071,1078147464634,25.8194,34.8834,2.73696
intel-lab-mote1,4072,1078147505332,25.8194,35.0222,2.73696
intel-lab-mote1,4073,1078147552948,25.7704,35.0915,2.73696
intel-lab-mote1,4074,1078147593693,25.79,35.0915,2.7244
intel-lab-mote1,4075,1078147622245,25.8194,34.9528,2.73696
intel-lab-mote1,4076,1078147653892,25.8978,35.0222,2.73696
intel-lab-mote1,4077,1078147731617,25.8194,34.8139,2.73696
intel-lab-mote1,4078,1078147770614,25.8194,34.536,2.73696
intel-lab-mote1,4079,1078147802876,25.8194,34.7445,2.73696
intel-lab-mote1,4080,1078147822866,25.8096,34.9528,2.73696
intel-lab-mote1,4081,1078147881736,25.7508,34.8834,2.73696
intel-lab-mote1,4082,1078147911760,25.6822,35.2302,2.73696
intel-lab-mote1,4083,1078147949603,25.692,35.0915,2.73696
intel-lab-mote1,4084,1078147974191,25.7312,35.2302,2.7244
intel-lab-mote1,4085,1078148002912,25.7116,35.1955,2.73696
intel-lab-mote1,4086,1078148034287,25.6822,35.2302,2.73696
intel-lab-mote1,4087,1078148065704,25.741,35.2648,2.7244
intel-lab-mote1,4088,1078148128141,25.8194,35.2302,2.73696
intel-lab-mote1,4089,1078148185328,25.7802,35.1262,2.73696
intel-lab-mote1,4090,1078148251173,25.741,35.3687,2.73696
intel-lab-mote1,4091,1078148279596,25.7802,35.438,2.73696
intel-lab-mote1,4092,1078148307916,25.7214,35.4726,2.7244
intel-lab-mote1,4093,1078148368614,25.692,35.0915,2.73696
intel-lab-mote1,4094,1078148400816,25.6724,35.5072,2.73696
intel-lab-mote1,4095,1078148424342,25.741,35.3687,2.73696
intel-lab-mote1,4096,1078148481610,25.8194,35.1262,2.73696
